province;red;green;blue;name;x;color_hexa
1;128;34;64;Stockholm;x;#802240
2;0;36;128;Östergötland;x;#002480
3;128;38;192;Småland;x;#8026C0
4;0;40;255;Bergslagen;x;#0028FF
5;128;42;0;Värmland;x;#802A00
6;0;44;64;Skåne;x;#002C40
7;129;46;128;Västergötland;x;#812E80
8;1;48;192;Dalaskogen;x;#0130C0
9;129;50;255;Hälsingland;x;#8132FF
10;1;52;0;Jämtland;x;#013400
11;129;54;64;Västerbotten;x;#813640
12;1;56;128;Sjælland;x;#013880
13;129;58;192;Slesvig;x;#813AC0
14;2;60;255;Fyn;x;#023CFF
15;130;62;0;Midtjylland;x;#823E00
16;2;64;64;Bohuslän;x;#024040
17;130;66;128;Akershus;x;#824280
18;2;68;192;Umeå;x;#0244C0
19;130;70;255;Österbotten;x;#8246FF
20;2;72;0;Trøndelag;x;#024800
21;131;74;64;Hålogaland;x;#834A40
22;3;76;128;Oplandene;x;#034C80
23;131;78;192;Bergenshus;x;#834EC0
24;3;80;255;Stavanger;x;#0350FF
25;131;82;0;Gotland;x;#835200
26;3;84;64;Halland;x;#035440
27;131;86;128;Finland;x;#835680
28;4;88;192;Nyland;x;#0458C0
29;132;90;255;Tavastland;x;#845AFF
30;4;92;0;Viborg;x;#045C00
31;132;94;64;Savolax;x;#845E40
32;4;96;128;Kexholm;x;#046080
33;132;98;192;Neva;x;#8462C0
34;4;100;255;Ingermanland;x;#0464FF
35;133;102;0;Ösel;x;#856600
36;5;104;64;Estland;x;#056840
37;133;106;128;Livland;x;#856A80
38;5;108;192;Riga;x;#056CC0
39;133;110;255;Kurland;x;#856EFF
40;5;112;0;Memel;x;#057000
41;133;114;64;Ostpreussen;x;#857240
42;6;116;128;Warmia;x;#067480
43;134;118;192;Danzig;x;#8676C0
44;6;120;255;Hamburg;x;#0678FF
45;134;122;0;Lübeck;x;#867A00
46;6;124;64;Mecklenburg;x;#067C40
47;134;126;128;Stralsund;x;#867E80
48;6;128;192;Kolberg;x;#0680C0
49;135;130;255;Neumark;x;#8782FF
50;7;132;0;Berlin;x;#078400
51;135;134;64;Ruppin;x;#878640
52;7;136;128;Magdeburg;x;#078880
53;135;138;192;Lüneburg;x;#878AC0
54;7;140;255;Bremen;x;#078CFF
55;135;142;0;Oldenburg;x;#878E00
56;8;144;64;Osnabrück;x;#089040
57;136;146;128;Hannover;x;#889280
58;8;148;192;Anhalt;x;#0894C0
59;136;150;255;Meissen;x;#8896FF
60;8;152;0;Lausitz;x;#089800
61;136;154;64;Dresden;x;#889A40
62;8;156;128;Leipzig;x;#089C80
63;137;158;192;Erfurt;x;#899EC0
64;9;32;255;Niederbayern;x;#0920FF
65;137;34;0;München;x;#892200
66;9;36;64;Bamberg;x;#092440
67;137;38;128;Franken;x;#892680
68;9;40;192;Memmingen;x;#0928C0
69;137;42;255;Konstanz;x;#892AFF
70;10;44;0;Württemberg;x;#0A2C00
71;138;46;64;Leiningen;x;#8A2E40
72;10;48;128;Breisgau;x;#0A3080
73;138;50;192;Tirol;x;#8A32C0
74;10;52;255;Baden;x;#0A34FF
75;138;54;0;Elsass;x;#8A3600
76;10;56;64;Salzburg;x;#0A3840
77;139;58;128;Worms;x;#8B3A80
78;11;60;192;Pfalz;x;#0B3CC0
79;139;62;255;Würzburg;x;#8B3EFF
80;11;64;0;Trier;x;#0B4000
81;139;66;64;Hessen;x;#8B4240
82;11;68;128;Lippe;x;#0B4480
83;139;70;192;Nassau;x;#8B46C0
84;12;72;255;Berg;x;#0C48FF
85;140;74;0;Köln;x;#8C4A00
86;12;76;64;Münster;x;#0C4C40
87;140;78;128;Calais;x;#8C4E80
88;12;80;192;Artois;x;#0C50C0
89;140;82;255;Picardie;x;#8C52FF
90;12;84;0;Vlaanderen;x;#0C5400
91;141;86;64;Hainault;x;#8D5640
92;13;88;128;Brabant;x;#0D5880
93;141;90;192;Liège;x;#8D5AC0
94;13;92;255;Luxemburg;x;#0D5CFF
95;141;94;0;Noord;x;#8D5E00
96;13;96;64;Zeeland;x;#0D6040
97;141;98;128;Holland;x;#8D6280
98;14;100;192;Utrecht;x;#0E64C0
99;142;102;255;Gelre;x;#8E66FF
100;14;104;0;Friesland;x;#0E6800
101;142;106;64;Liguria;x;#8E6A40
102;14;108;128;Nice;x;#0E6C80
103;85;80;32;Niklas;x;#555020
104;14;112;255;Lombardia;x;#0E70FF
105;143;114;0;Parma;x;#8F7200
106;15;116;64;Modena;x;#0F7440
107;143;118;128;Brescia;x;#8F7680
108;15;120;192;Verona;x;#0F78C0
109;143;122;255;Mantua;x;#8F7AFF
110;15;124;0;Trent;x;#0F7C00
111;143;126;64;Friuli;x;#8F7E40
112;16;128;128;Venezia;x;#108080
113;144;130;192;Ferrara;x;#9082C0
114;16;132;255;Romagna;x;#1084FF
115;144;134;0;Pisa;x;#908600
116;16;136;64;Firenze;x;#108840
117;144;138;128;Siena;x;#908A80
118;16;140;192;Roma;x;#108CC0
119;145;142;255;Ancona;x;#918EFF
120;17;144;0;Abbruzzi;x;#119000
121;145;146;64;Napoli;x;#919240
122;17;148;128;Apulia;x;#119480
123;145;150;192;Calabria;x;#9196C0
124;17;152;255;Messina;x;#1198FF
125;145;154;0;Palermo;x;#919A00
126;18;156;64;Malta;x;#129C40
127;146;158;128;Sardinia;x;#929E80
128;18;32;192;Kärnten;x;#1220C0
129;146;34;255;Krain;x;#9222FF
130;18;36;0;Istria;x;#122400
131;146;38;64;Croatia;x;#922640
132;18;40;128;Steiermark;x;#122880
133;147;42;192;Linz;x;#932AC0
134;19;44;255;Wien;x;#132CFF
135;147;46;0;Sopron;x;#932E00
136;19;48;64;Dalmatia;x;#133040
137;147;50;128;Ragusa;x;#933280
138;19;52;192;Zeta;x;#1334C0
139;147;54;255;Hum;x;#9336FF
140;20;56;0;Bosnia;x;#143800
141;148;58;64;Serbia;x;#943A40
142;20;60;128;Corfu;x;#143C80
143;148;62;192;Albania;x;#943EC0
144;20;64;255;Janina;x;#1440FF
145;148;66;0;Morea;x;#944200
146;20;68;64;Athens;x;#144440
147;149;70;128;Salonica;x;#954680
148;21;72;192;Macedonia;x;#1548C0
149;149;74;255;Edirne;x;#954AFF
150;21;76;0;Bulgaria;x;#154C00
151;149;78;64;Thrace;x;#954E40
152;21;80;128;Slavonia;x;#155080
153;149;82;192;Pecs;x;#9552C0
154;22;84;255;Ersekujvar;x;#1654FF
155;150;86;0;Szolnok;x;#965600
156;22;88;64;Banat;x;#165840
157;150;90;128;Partium;x;#965A80
158;22;92;192;Transylvania;x;#165CC0
159;150;94;255;Silistria;x;#965EFF
160;22;96;0;Oltenia;x;#166000
161;151;98;64;Wallachia;x;#976240
162;23;100;128;Carpathia;x;#176480
163;151;102;192;Crete;x;#9766C0
164;23;104;255;Naxos;x;#1768FF
165;151;106;0;Bern;x;#976A00
166;23;108;64;Schwyz;x;#176C40
167;151;110;128;Caux;x;#976E80
168;24;112;192;Normandie;x;#1870C0
169;152;114;255;Armor;x;#9872FF
170;24;116;0;Finistère;x;#187400
171;152;118;64;Morbihan;x;#987640
172;24;120;128;Vendée;x;#187880
173;152;122;192;Labourd;x;#987AC0
174;24;124;255;Gascogne;x;#187CFF
175;153;126;0;Armagnac;x;#997E00
176;25;128;64;Béarn;x;#198040
177;153;130;128;Maine;x;#998280
178;25;132;192;Anjou;x;#1984C0
179;153;134;255;Berry;x;#9986FF
180;25;136;0;Poitou;x;#198800
181;153;138;64;Valenciennes;x;#998A40
182;26;140;128;Vermandois;x;#1A8C80
183;154;142;192;Île-de-France;x;#9A8EC0
184;26;144;255;Orléannais;x;#1A90FF
185;147;222;218;Nemours;x;#93DEDA
186;26;148;64;Champagne;x;#1A9440
187;154;150;128;Barrois;x;#9A9680
188;26;152;192;Metz;x;#1A98C0
189;155;154;255;Lothringen;x;#9B9AFF
190;27;156;0;Bourbon;x;#1B9C00
191;155;158;64;Nevers;x;#9B9E40
192;27;32;128;Bourgogne;x;#1B2080
193;155;34;192;Franche-Comté;x;#9B22C0
194;27;36;255;Périgord;x;#1B24FF
195;155;38;0;Limousin;x;#9B2600
196;28;40;64;Toulouse;x;#1C2840
197;156;42;128;Roussillon;x;#9C2A80
198;28;44;192;Rouergue;x;#1C2CC0
199;156;46;255;Auvergne;x;#9C2EFF
200;28;248;0;Languedoc;x;#1CF800
201;156;50;64;Toulon;x;#9C3240
202;28;52;128;Avignon;x;#1C3480
203;157;54;192;Lyonnais;x;#9D36C0
204;29;56;255;Dauphiné;x;#1D38FF
205;157;58;0;Savoie;x;#9D3A00
206;29;60;64;Galicia;x;#1D3C40
207;157;62;128;Asturias;x;#9D3E80
208;29;64;192;León;x;#1D40C0
209;157;66;255;Vizcaya;x;#9D42FF
210;30;68;0;Navarra;x;#1E4400
211;158;70;64;Pirineo;x;#9E4640
212;30;72;128;Girona;x;#1E4880
213;158;74;192;Barcelona;x;#9E4AC0
214;30;76;255;Zaragoza;x;#1E4CFF
215;158;78;0;Castilla La Vieja;x;#9E4E00
216;30;80;64;Salamanca;x;#1E5040
217;159;82;128;Madrid;x;#9F5280
218;31;84;192;Badajoz;x;#1F54C0
219;159;86;255;Toledo;x;#9F56FF
220;31;88;0;València;x;#1F5800
221;159;90;64;Murcia;x;#9F5A40
222;31;92;128;Almería;x;#1F5C80
223;159;94;192;Granada;x;#9F5EC0
224;32;96;255;Andalucía;x;#2060FF
225;160;98;0;Córdoba;x;#A06200
226;32;100;64;Gibraltar;x;#206440
227;160;102;128;Lisboa;x;#A06680
228;32;104;192;Beira;x;#2068C0
229;160;106;255;Beja;x;#A06AFF
230;32;108;0;Algarve;x;#206C00
231;161;110;64;Porto;x;#A16E40
232;33;112;128;Bragança;x;#217080
233;166;203;93;Cornwall;x;#A6CB5D
234;33;116;255;Wessex;x;#2174FF
235;161;118;0;Kent;x;#A17600
236;33;120;64;London;x;#217840
237;161;122;128;Oxfordshire;x;#A17A80
238;34;124;192;Essex;x;#227CC0
239;162;126;255;Gloucestershire;x;#A27EFF
240;34;128;0;Shrewsbury;x;#228000
241;162;130;64;Glamorgan;x;#A28240
242;34;132;128;Gwynedd;x;#228480
243;162;134;192;Lincoln;x;#A286C0
244;34;136;255;Lancashire;x;#2288FF
245;163;138;0;Yorkshire;x;#A38A00
246;35;140;64;Northumberland;x;#238C40
247;163;142;128;Cumbria;x;#A38E80
248;35;144;192;Lothian;x;#2390C0
249;163;146;255;Ayrshire;x;#A392FF
250;35;148;0;Perth;x;#239400
251;163;150;64;Aberdeen;x;#A39640
252;36;152;128;Inverness;x;#249880
253;164;154;192;Outer Hebrides;x;#A49AC0
254;36;156;255;Poznan;x;#249CFF
255;164;158;0;Kalisz;x;#A49E00
256;36;32;64;Plock;x;#242040
257;164;34;128;Mazovia;x;#A42280
258;36;36;192;Lodz;x;#2424C0
259;165;38;255;Sandomir;x;#A526FF
260;37;40;0;Galicien;x;#252800
261;165;42;64;Halicz;x;#A52A40
262;37;44;128;Krakow;x;#252C80
263;165;46;192;Ratibor;x;#A52EC0
264;37;48;255;Breslau;x;#2530FF
265;165;50;0;Moravia;x;#A53200
266;38;52;64;Bohemia;x;#263440
267;166;54;128;Plsen;x;#A63680
268;38;56;192;Bessarabia;x;#2638C0
269;166;58;255;Podlasia;x;#A63AFF
270;38;60;0;Troki;x;#263C00
271;166;62;64;Samogitia;x;#A63E40
272;38;64;128;Lithuania;x;#264080
273;167;66;192;Letgallen;x;#A742C0
274;39;68;255;Pskov;x;#2744FF
275;167;70;0;Polotsk;x;#A74600
276;39;72;64;Minsk;x;#274840
277;167;74;128;Grodno;x;#A74A80
278;39;76;192;Polesia;x;#274CC0
279;167;78;255;Volhynia;x;#A74EFF
280;40;80;0;Kiev;x;#285000
281;168;82;64;Podolia;x;#A85240
282;40;84;128;Yedisan;x;#285480
283;168;86;192;Zaporozhia;x;#A856C0
284;40;88;255;Crimea;x;#2858FF
285;168;90;0;Kaffa;x;#A85A00
286;40;92;64;Azow;x;#285C40
287;169;94;128;Kouban;x;#A95E80
288;41;96;192;Cherkassk;x;#2960C0
289;169;98;255;Chernigov;x;#A962FF
290;41;100;0;Poltava;x;#296400
291;169;102;64;Kharkov;x;#A96640
292;41;104;128;Mogilyov;x;#296880
293;169;106;192;Smolensk;x;#A96AC0
294;42;108;255;Tver;x;#2A6CFF
295;170;110;0;Moskva;x;#AA6E00
296;42;112;64;Kaluga;x;#2A7040
297;74;227;77;Bryansk;x;#4AE34D
298;42;116;192;Kursk;x;#2A74C0
299;170;118;255;Voronezh;x;#AA76FF
300;42;120;0;Tula;x;#2A7800
301;171;122;64;Ryazan;x;#AB7A40
302;43;124;128;Tambow;x;#2B7C80
303;171;126;192;Saratow;x;#AB7EC0
304;43;128;255;Pensa;x;#2B80FF
305;171;130;0;Perm;x;#AB8200
306;43;132;64;Nijni-Novgorod;x;#2B8440
307;171;134;128;Vladimir;x;#AB8680
308;44;136;192;Yaroslavl;x;#2C88C0
309;172;138;255;Olonets;x;#AC8AFF
310;44;140;0;Novgorod;x;#2C8C00
311;172;142;64;Kholm;x;#AC8E40
312;44;144;128;Vologda;x;#2C9080
313;72;0;240;Archangelsk;x;#4800F0
314;44;148;255;Ustyug;x;#2C94FF
315;173;150;0;Finnmark;x;#AD9600
316;45;152;64;Kocaeli;x;#2D9840
317;173;154;128;Hüdavendigar;x;#AD9A80
318;45;156;192;Sugla;x;#2D9CC0
319;173;158;255;Mentese;x;#AD9EFF
320;45;32;0;Rhodes;x;#2D2000
321;173;34;64;Cyprus;x;#AD2240
322;46;36;128;Kütahya;x;#2E2480
323;174;38;192;Konya;x;#AE26C0
324;46;40;255;Karaman;x;#2E28FF
325;174;42;0;Kastamonu;x;#AE2A00
326;46;44;64;Ankara;x;#2E2C40
327;174;46;128;Adana;x;#AE2E80
328;46;48;192;Sinop;x;#2E30C0
329;175;50;255;Sivas;x;#AF32FF
330;47;52;0;Trebizond;x;#2F3400
331;175;54;64;Erzurum;x;#AF3640
332;47;56;128;Marash;x;#2F3880
333;175;58;192;The Baleares;x;#AF3AC0
334;47;60;255;Tangiers;x;#2F3CFF
335;175;62;0;Mellila;x;#AF3E00
336;48;244;64;Tlemcen;x;#30F440
337;176;66;128;Oran;x;#B04280
338;48;68;192;Al-Djazair;x;#3044C0
339;176;70;255;Kabylia;x;#B046FF
340;48;72;0;Constantine;x;#304800
341;176;74;64;Tunis;x;#B04A40
342;48;76;128;Toubkhal;x;#304C80
343;177;78;192;Fez;x;#B14EC0
344;49;80;255;Marrakech;x;#3150FF
345;177;82;0;Safi;x;#B15200
346;49;84;64;Figuig;x;#315440
347;177;86;128;Ifni;x;#B15680
348;49;88;192;Sus;x;#3158C0
349;177;90;255;Atlas;x;#B15AFF
350;50;92;0;Aures;x;#325C00
351;178;94;64;Biskra;x;#B25E40
352;50;96;128;Gafsa;x;#326080
353;178;98;192;Tataouine;x;#B262C0
354;50;100;255;Tripolitania;x;#3264FF
355;178;102;0;Sirt;x;#B26600
356;50;104;64;Cyrenaica;x;#326840
357;179;106;128;Darnah;x;#B36A80
358;51;108;192;Alexandria;x;#336CC0
359;179;110;255;Fayyum;x;#B36EFF
360;51;112;0;Qus;x;#337000
361;179;114;64;Cairo;x;#B37240
362;51;116;128;Rosetta;x;#337480
363;179;118;192;Damietta;x;#B376C0
364;52;120;255;Gaza;x;#3478FF
365;180;122;0;Sinai;x;#B47A00
366;52;124;64;The Canarias;x;#347C40
367;180;126;128;The Azores;x;#B47E80
368;52;128;192;Madeira;x;#3480C0
369;180;130;255;Orkney;x;#B482FF
370;52;132;0;Reykjavik;x;#348400
371;181;134;64;Akureyri;x;#B58640
372;53;136;128;Tyrone;x;#358880
373;181;138;192;Meath;x;#B58AC0
374;53;140;255;Leinster;x;#358CFF
375;181;142;0;Munster;x;#B58E00
376;53;144;64;Connaught;x;#359040
377;181;146;128;Aleppo;x;#B59280
378;54;148;192;Tripoli;x;#3694C0
379;182;150;255;Jerusalem;x;#B696FF
380;54;152;0;Al Karak;x;#369800
381;182;154;64;Ajlun;x;#B69A40
382;54;156;128;Damascus;x;#369C80
383;182;158;192;Tabuk;x;#B69EC0
384;54;32;255;Medina;x;#3620FF
385;183;34;0;Mecca;x;#B72200
386;55;36;64;Bishah;x;#372440
387;183;38;128;Mokha;x;#B72680
388;55;40;192;Aden;x;#3728C0
389;183;42;255;Mukalla;x;#B72AFF
390;55;44;0;Sana'a;x;#372C00
391;183;46;64;Najran;x;#B72E40
392;56;48;128;Al-Arid;x;#383080
393;184;50;192;Jabal Shammar;x;#B832C0
394;56;52;255;El Catif;x;#3834FF
395;184;54;0;Qatar;x;#B83600
396;56;56;64;Bahrain;x;#383840
397;184;58;128;Bani Yas;x;#B83A80
398;56;60;192;Qawasim;x;#383CC0
399;185;62;255;Suhar;x;#B93EFF
400;57;64;0;Muscat;x;#394000
401;185;66;64;Dhofar;x;#B94240
402;57;68;128;Mahra;x;#394480
403;185;70;192;Nizwa;x;#B946C0
404;57;72;255;Liwa;x;#3948FF
405;185;74;0;Tadmor;x;#B94A00
406;58;76;64;Haditha;x;#3A4C40
407;186;78;128;Ar Raqqa;x;#BA4E80
408;58;80;192;Basra;x;#3A50C0
409;186;82;255;Karballa;x;#BA52FF
410;58;84;0;Baghdad;x;#3A5400
411;186;86;64;Mosul;x;#BA5640
412;58;88;128;Ahvaz;x;#3A5880
413;187;90;192;Lorestan;x;#BB5AC0
414;59;92;255;Hamadan;x;#3B5CFF
415;187;94;0;Kirkuk;x;#BB5E00
416;59;96;64;Azerbaijan;x;#3B6040
417;187;98;128;Gilan;x;#BB6280
418;59;100;192;Diyarbakir;x;#3B64C0
419;187;102;255;Yerevan;x;#BB66FF
420;60;140;0;Ganja;x;#3C8C00
421;188;106;64;Shirvan;x;#BC6A40
422;60;108;128;Imereti;x;#3C6C80
423;188;110;192;Kartli;x;#BC6EC0
424;60;112;255;Ardabil;x;#3C70FF
425;188;114;0;Dagestan;x;#BC7200
426;60;116;64;Amol;x;#3C7440
427;189;118;128;Shahrud;x;#BD7680
428;61;120;192;Rey;x;#3D78C0
429;189;122;255;Isfahan;x;#BD7AFF
430;61;124;0;Bushehr;x;#3D7C00
431;189;126;64;Hormuz;x;#BD7E40
432;61;128;128;Kerman;x;#3D8080
433;189;130;192;Dash-i-Lut;x;#BD82C0
434;62;132;255;Quhistan;x;#3E84FF
435;190;134;0;Sistan;x;#BE8600
436;62;136;64;Birjand;x;#3E8840
437;190;138;128;Atak;x;#BE8A80
438;62;140;192;Kara Kum;x;#3E8CC0
439;190;142;255;Mangyshlak;x;#BE8EFF
440;62;144;0;Qaraqalpak;x;#3E9000
441;191;146;64;Khiva;x;#BF9240
442;63;148;128;Bukhara;x;#3F9480
443;191;150;192;Ust Yurt;x;#BF96C0
444;63;152;255;Charjuy;x;#3F98FF
445;191;154;0;Marv;x;#BF9A00
446;63;156;64;Herat;x;#3F9C40
447;191;158;128;Kandahar;x;#BF9E80
448;64;32;192;Gazni;x;#4020C0
449;192;34;255;Ghor;x;#C022FF
450;64;36;0;Balkh;x;#402400
451;192;38;64;Kabul;x;#C02640
452;64;40;128;Badakhshan;x;#402880
453;192;42;192;Qarshi;x;#C02AC0
454;64;44;255;Samarkand;x;#402CFF
455;193;46;0;Kyrzyl-Kum;x;#C12E00
456;65;48;64;Turkestan;x;#413040
457;193;50;128;Tashkent;x;#C13280
458;65;52;192;Kokand;x;#4134C0
459;193;54;255;Taraz;x;#C136FF
460;65;56;0;Uzkend;x;#413800
461;193;58;64;Zhetysu;x;#C13A40
462;66;60;128;Mingrelia;x;#423C80
463;194;62;192;Circassia;x;#C23EC0
464;66;64;255;Astrakhan;x;#4240FF
465;194;66;0;Nogay;x;#C24200
466;66;68;64;Sarai;x;#424440
467;194;70;128;Borisoglebsk;x;#C24680
468;66;72;192;Khazaria;x;#4248C0
469;195;74;255;Ryn;x;#C34AFF
470;67;76;0;Bayuly;x;#434C00
471;195;78;64;Alimuly;x;#C34E40
472;67;80;128;Zhetyru;x;#435080
473;195;82;192;Samara;x;#C352C0
474;67;84;255;Yaik;x;#4354FF
475;195;86;0;Bashkortostan;x;#C35600
476;68;88;64;Kypshak;x;#445840
477;196;90;128;Nadym;x;#C45A80
478;68;92;192;Argyn;x;#445CC0
479;196;94;255;Kerey;x;#C45EFF
480;68;96;0;Kulunda;x;#446000
481;196;98;64;Bermuda;x;#C46240
482;68;100;128;Bahamas;x;#446480
483;197;102;192;Turks Islands;x;#C566C0
484;69;104;255;Havana;x;#4568FF
485;197;106;0;Moron;x;#C56A00
486;69;108;64;Guantamano;x;#456C40
487;197;110;128;Jamaica;x;#C56E80
488;69;112;192;Les Cayes;x;#4570C0
489;197;114;255;Tortuga;x;#C572FF
490;70;116;0;Barahonas;x;#467400
491;198;118;64;Curacao;x;#C67640
492;70;120;128;Puerto Rico;x;#467880
493;198;122;192;St. Thomas;x;#C67AC0
494;70;124;255;St. Martin;x;#467CFF
495;198;126;0;St. Kitts;x;#C67E00
496;70;128;64;Antigua;x;#468040
497;199;130;128;Guadelopue;x;#C78280
498;71;132;192;Dominica;x;#4784C0
499;199;134;255;Martinique;x;#C786FF
500;71;136;0;St. Lucia;x;#478800
501;199;138;64;Barbados;x;#C78A40
502;71;140;128;Trinidad;x;#478C80
503;199;142;192;Kutch;x;#C78EC0
504;72;144;255;Thatta;x;#4890FF
505;200;146;0;Sehwan;x;#C89200
506;72;148;64;Multan;x;#489440
507;200;150;128;Lahore;x;#C89680
508;72;152;192;Kashmir;x;#4898C0
509;200;154;255;Kangra;x;#C89AFF
510;72;156;0;Sirhind;x;#489C00
511;201;158;64;Garhwal;x;#C99E40
512;73;32;128;Jangladesh;x;#492080
513;201;34;192;Jaisalmer;x;#C922C0
514;73;36;255;Marwar;x;#4924FF
515;201;38;0;Girnar;x;#C92600
516;73;40;64;Baroda;x;#492840
517;201;42;128;Surat;x;#C92A80
518;74;44;192;Chittorgarh;x;#4A2CC0
519;202;46;255;Dundhar;x;#CA2EFF
520;74;48;0;Mewat;x;#4A3000
521;202;50;64;Rajkot;x;#CA3240
522;74;52;128;Delhi;x;#4A3480
523;202;54;192;Oudh;x;#CA36C0
524;74;56;255;Central Doab;x;#4A38FF
525;203;58;0;Gird;x;#CB3A00
526;75;60;64;Mandu;x;#4B3C40
527;203;62;128;Khandesh;x;#CB3E80
528;75;64;192;Hadoti;x;#4B40C0
529;203;66;255;North Konkan;x;#CB42FF
530;75;68;0;South Konkan;x;#4B4400
531;203;70;64;North Kanara;x;#CB4640
532;76;72;128;Raichur Doab;x;#4C4880
533;204;74;192;Mysore;x;#CC4AC0
534;76;76;255;Malabar;x;#4C4CFF
535;204;78;0;Kochin;x;#CC4E00
536;76;80;64;Madurai;x;#4C5040
537;204;82;128;Venad;x;#CC5280
538;76;84;192;Kongu;x;#4C54C0
539;205;86;255;Tondainadu;x;#CD56FF
540;77;88;0;Coromandel;x;#4D5800
541;205;90;64;Vijayanagar;x;#CD5A40
542;77;92;128;Golconda;x;#4D5C80
543;205;94;192;Velanadu;x;#CD5EC0
544;77;96;255;Ahmadnagar;x;#4D60FF
545;205;98;0;Marathwada;x;#CD6200
546;78;100;64;East Berar;x;#4E6440
547;206;102;128;Bastar;x;#CE6680
548;78;104;192;West Berar;x;#4E68C0
549;206;106;255;Kalingandhra;x;#CE6AFF
550;78;108;0;Mahakoshal;x;#4E6C00
551;206;110;64;Mandla;x;#CE6E40
552;78;112;128;Cuttack;x;#4E7080
553;207;114;192;Sambalpur;x;#CF72C0
554;79;116;255;Baisi Rayja;x;#4F74FF
555;207;118;0;Jaunpur;x;#CF7600
556;79;120;64;Lower Doab;x;#4F7840
557;207;122;128;Katmandu;x;#CF7A80
558;79;124;192;Patna;x;#4F7CC0
559;207;126;255;Bundelkhand;x;#CF7EFF
560;80;128;0;Jharkand;x;#508000
561;208;130;64;Bengal Delta;x;#D08240
562;80;132;128;Koch;x;#508480
563;208;134;192;Gauda;x;#D086C0
564;80;136;255;Dacca;x;#5088FF
565;208;138;0;Bhutan;x;#D08A00
566;80;140;64;Assam;x;#508C40
567;209;142;128;Sylhet;x;#D18E80
568;81;144;192;Chittagong;x;#5190C0
569;209;146;255;Bijapur;x;#D192FF
570;81;148;0;Naga;x;#519400
571;209;150;64;Darrang;x;#D19640
572;81;152;128;Kotte;x;#519880
573;209;154;192;Kachar;x;#D19AC0
574;82;156;255;The Andamans;x;#529CFF
575;210;158;0;Eastern Makran;x;#D29E00
576;82;32;64;Indus;x;#522040
577;210;34;128;Quetta;x;#D22280
578;82;36;192;Khyber;x;#5224C0
579;210;38;255;Arakan;x;#D226FF
580;82;40;0;Chin;x;#522800
581;211;42;64;Sagaing;x;#D32A40
582;83;44;128;Kachin;x;#532C80
583;211;46;192;Hsenwi;x;#D32EC0
584;83;48;255;Kyuakse;x;#5330FF
585;211;50;0;Toungoo;x;#D33200
586;83;52;64;Pegu;x;#533440
587;211;54;128;Keng Tung;x;#D33680
588;84;56;192;Mongnai;x;#5438C0
589;212;58;255;Chiang Mai;x;#D43AFF
590;84;60;0;Moulmein;x;#543C00
591;212;62;64;Tenasserim;x;#D43E40
592;84;64;128;Ratchaburi;x;#544080
593;212;66;192;Ligore;x;#D442C0
594;84;68;255;Pattani;x;#5444FF
595;213;70;0;Perak;x;#D54600
596;85;72;64;Malacca;x;#554840
597;213;74;128;Johor;x;#D54A80
598;85;76;192;Pahang;x;#554CC0
599;213;78;255;Kelantan;x;#D54EFF
600;85;80;0;Ayutthaya;x;#555000
601;213;82;64;Sukthothai;x;#D55240
602;86;84;128;Chian Rai;x;#565480
603;214;86;192;Rayong;x;#D656C0
604;86;88;255;Udong;x;#5658FF
605;214;90;0;Prei Nokoi;x;#D65A00
606;86;92;64;Panduranga;x;#565C40
607;214;94;128;Vijaya;x;#D65E80
608;86;96;192;Champassak;x;#5660C0
609;215;98;255;Siem Reap;x;#D762FF
610;87;100;0;Binh Tri Thien;x;#576400
611;215;102;64;Thakhek;x;#D76640
612;87;104;128;Khorat;x;#576880
613;215;106;192;Thang Long;x;#D76AC0
614;87;108;255;Vientiane;x;#576CFF
615;215;110;0;Luang Prabang;x;#D76E00
616;88;112;64;Viet Bac;x;#587040
617;216;114;128;Aceh;x;#D87280
618;88;116;192;Aru;x;#5874C0
619;216;118;255;Minangkabau;x;#D876FF
620;88;120;0;Siak;x;#587800
621;216;122;64;Benkulen;x;#D87A40
622;88;124;128;Palembang;x;#587C80
623;217;126;192;Lampung;x;#D97EC0
624;89;128;255;Banten;x;#5980FF
625;217;130;0;Priangan;x;#D98200
626;89;132;64;Mataram;x;#598440
627;217;134;128;Blambangan;x;#D98680
628;89;136;192;Surabaya;x;#5988C0
629;217;138;255;Demak;x;#D98AFF
630;90;140;0;Sunda;x;#5A8C00
631;218;142;64;Bali-Lombok;x;#DA8E40
632;90;144;128;Sumbawa;x;#5A9080
633;218;146;192;Flores;x;#DA92C0
634;90;148;255;Sumba;x;#5A94FF
635;218;150;0;Timor;x;#DA9600
636;90;152;64;Brunei;x;#5A9840
637;219;154;128;Sabah;x;#DB9A80
638;91;156;192;Kutei;x;#5B9CC0
639;219;158;255;Banjarmasin;x;#DB9EFF
640;91;32;0;Sukadane;x;#5B2000
641;219;34;64;Makassar;x;#DB2240
642;91;36;128;Bone;x;#5B2480
643;219;38;192;Pose;x;#DB26C0
644;92;40;255;Menade;x;#5C28FF
645;220;42;0;Buru;x;#DC2A00
646;92;44;64;Ambom;x;#5C2C40
647;220;46;128;Ceram;x;#DC2E80
648;92;48;192;Halmahera;x;#5C30C0
649;220;50;255;Ternate;x;#DC32FF
650;92;52;0;Tidore;x;#5C3400
651;221;54;64;Sulu;x;#DD3640
652;93;56;128;Maguindanae;x;#5D3880
653;221;58;192;Tagoloan;x;#DD3AC0
654;93;60;255;Samar;x;#5D3CFF
655;221;62;0;Palawan;x;#DD3E00
656;93;64;64;Manila;x;#5D4040
657;221;66;128;Samtoy;x;#DD4280
658;94;68;192;Cagayan;x;#5E44C0
659;222;70;255;Riau;x;#DE46FF
660;94;72;0;Xishuan Banna;x;#5E4800
661;222;74;64;Dali;x;#DE4A40
662;94;76;128;Yunnan;x;#5E4C80
663;222;78;192;Wenshan;x;#DE4EC0
664;94;80;255;Guangxi;x;#5E50FF
665;223;82;0;XXX;x;#DF5200
666;95;84;64;Hainan;x;#5F5440
667;223;86;128;Guangzhou;x;#DF5680
668;95;88;192;Macau;x;#5F58C0
669;223;90;255;Fuzhou;x;#DF5AFF
670;95;92;0;Ganzhou;x;#5F5C00
671;223;94;64;Changsha;x;#DF5E40
672;96;96;128;Chenzhou;x;#606080
673;224;98;192;Bozhou;x;#E062C0
674;96;100;255;Guiyang;x;#6064FF
675;224;102;0;Liangshan;x;#E06600
676;96;104;64;U-Tsang;x;#606840
677;224;106;128;Qamdo;x;#E06A80
678;96;108;192;Kham;x;#606CC0
679;225;110;255;Sichuan Pendi;x;#E16EFF
680;97;112;0;Shenquing;x;#617000
681;225;114;64;Yichuan;x;#E17240
682;97;116;128;Hanyang;x;#617480
683;225;118;192;Nanchang;x;#E176C0
684;97;120;255;Hangzhou;x;#6178FF
685;225;122;0;Huai'an;x;#E17A00
686;98;124;64;Anqing;x;#627C40
687;226;126;128;Running;x;#E27E80
688;98;128;192;Kaifeng;x;#6280C0
689;226;130;255;Fengyuan;x;#E282FF
690;98;132;0;Shandong Bandao;x;#628400
691;226;134;64;Jinan;x;#E28640
692;98;136;128;Handan;x;#628880
693;227;138;192;Sanguan;x;#E38AC0
694;99;140;255;Changzhi;x;#638CFF
695;227;142;0;Beijing;x;#E38E00
696;99;144;64;Xuan Fu;x;#639040
697;227;146;128;Datong;x;#E39280
698;99;148;192;Guyuan;x;#6394C0
699;227;150;255;Lanzhou;x;#E396FF
700;100;152;0;Shaanxi;x;#649800
701;228;154;64;Ordos;x;#E49A40
702;100;156;128;Ulaanchab;x;#649C80
703;228;158;192;Chengde;x;#E49EC0
704;100;32;255;Liaoxi;x;#6420FF
705;228;34;0;Dangla;x;#E42200
706;100;36;64;Amdo;x;#642440
707;229;38;128;Yumen;x;#E52680
708;101;40;192;Gansu;x;#6528C0
709;229;42;255;Ningxia;x;#E52AFF
710;101;44;0;Hotan;x;#652C00
711;229;46;64;Qarqan;x;#E52E40
712;101;48;128;Uighuristan;x;#653080
713;229;50;192;Kuruk Tag;x;#E532C0
714;102;52;255;Dzungaria;x;#6634FF
715;230;54;0;Urumqi;x;#E63600
716;102;56;64;Tannu Tuva;x;#663840
717;230;58;128;Selenge;x;#E63A80
718;102;60;192;Govi Altay;x;#663CC0
719;230;62;255;Khangai;x;#E63EFF
720;102;64;0;Dorno Govi;x;#664000
721;231;66;64;Dornod;x;#E74240
722;103;68;128;Chahar;x;#674480
723;231;70;192;Xilin Gol;x;#E746C0
724;103;72;255;Yakesa;x;#6748FF
725;231;74;0;Hinggan;x;#E74A00
726;103;76;64;Liaodong;x;#674C40
727;231;78;128;Heilongjiang;x;#E74E80
728;104;80;192;Sanxing;x;#6850C0
729;232;82;255;Wusuli;x;#E852FF
730;104;84;0;Haixi;x;#685400
731;232;86;64;Ninguta;x;#E85640
732;104;88;128;Hamheung;x;#685880
733;232;90;192;Hwangju;x;#E85AC0
734;104;92;255;Gangwon;x;#685CFF
735;153;134;173;Hanseong;x;#9986AD
736;217;164;164;Sangju;x;#D9A4A4
737;233;98;128;Jeonju;x;#E96280
738;105;100;192;Taiwan;x;#6964C0
739;233;102;255;Kashgar;x;#E966FF
740;105;104;0;Chanderi;x;#696800
741;233;106;64;Cumana;x;#E96A40
742;106;108;128;Guayana;x;#6A6C80
743;234;110;192;Essequibo;x;#EA6EC0
744;106;112;255;Demerara;x;#6A70FF
745;234;114;0;Paramaribo;x;#EA7200
746;106;116;64;Cayenne;x;#6A7440
747;234;118;128;Tucujulandia;x;#EA7680
748;106;120;192;Grao Para;x;#6A78C0
749;235;122;255;Maranhao;x;#EB7AFF
750;107;124;0;Crato;x;#6B7C00
751;235;126;64;Ceara;x;#EB7E40
752;107;128;128;Oeiras;x;#6B8080
753;235;130;192;Rio Grande;x;#EB82C0
754;107;132;255;Itamaraca;x;#6B84FF
755;235;134;0;Pernambuco;x;#EB8600
756;108;136;64;Bahia;x;#6C8840
757;236;138;128;Ilheus;x;#EC8A80
758;108;140;192;Goias;x;#6C8CC0
759;236;142;255;Diamantina;x;#EC8EFF
760;108;144;0;Porto Seguro;x;#6C9000
761;236;146;64;Espirito Santo;x;#EC9240
762;108;148;128;Sao Tome;x;#6C9480
763;237;150;192;Rio de Janeiro;x;#ED96C0
764;109;152;255;Santo Amaro;x;#6D98FF
765;237;154;0;Santa Luzia;x;#ED9A00
766;109;156;64;Sao Vicente;x;#6D9C40
767;237;158;128;Wystruc;x;#ED9E80
768;109;32;192;Guayra;x;#6D20C0
769;237;34;255;Curitiba;x;#ED22FF
770;110;36;0;Braslaw;x;#6E2400
771;238;38;64;Vitebsk;x;#EE2640
772;110;40;128;Uruguay;x;#6E2880
773;238;42;192;Banda Oriente;x;#EE2AC0
774;110;44;255;Al Junaynah;x;#6E2CFF
775;238;46;0;Asuncion;x;#EE2E00
776;110;48;64;Itenines;x;#6E3040
777;239;50;128;Parana;x;#EF3280
778;111;52;192;Rio de la Plata;x;#6F34C0
779;239;54;255;Tandil;x;#EF36FF
780;111;56;0;Candelaria Patagones;x;#6F3800
781;239;58;64;Puerto Desaedo;x;#EF3A40
782;111;60;128;Tierra del Fuego;x;#6F3C80
783;239;62;192;Alacaluf;x;#EF3EC0
784;112;64;255;Huillimapu;x;#7040FF
785;240;66;0;Pehuenmapu;x;#F04200
786;112;68;64;Carmen Patagones;x;#704440
787;240;70;128;Pincunmapu;x;#F04680
788;112;72;192;Angoche;x;#7048C0
789;240;74;255;Mtetwa;x;#F04AFF
790;112;76;0;Chaco Austral;x;#704C00
791;241;78;64;Catamarca;x;#F14E40
792;113;80;128;Copiapo;x;#715080
793;241;82;192;Atacama;x;#F152C0
794;113;84;255;Jujuy;x;#7154FF
795;241;86;0;Potosi;x;#F15600
796;113;88;64;Arica;x;#715840
797;241;90;128;Oruro;x;#F15A80
798;215;191;212;Mbwila;x;#D7BFD4
799;242;94;255;Chaco Boreal;x;#F25EFF
800;114;96;0;Chiquitos;x;#726000
801;242;98;64;Caranga;x;#F26240
802;114;100;128;Chuquiabo;x;#726480
803;242;102;192;Moxos;x;#F266C0
804;114;104;255;Puno;x;#7268FF
805;243;106;0;Arequipa;x;#F36A00
806;115;108;64;Nazca;x;#736C40
807;243;110;128;Huamanga;x;#F36E80
808;115;112;192;Cuzco;x;#7370C0
809;243;114;255;Lima;x;#F372FF
810;115;116;0;Huancavelica;x;#737400
811;243;118;64;Tarma;x;#F37640
812;116;120;128;Chanchan;x;#747880
813;244;122;192;Cajamarca;x;#F47AC0
814;116;124;255;Huanuco;x;#747CFF
815;244;126;0;Maynas;x;#F47E00
816;116;128;64;Tumbes;x;#748040
817;244;130;128;Cuenca;x;#F48280
818;116;132;192;Canelos;x;#7484C0
819;245;134;255;Guayaquil;x;#F586FF
820;117;136;0;Quito;x;#758800
821;245;138;64;Quijos;x;#F58A40
822;117;140;128;Caqueta;x;#758C80
823;245;142;192;Cauca;x;#F58EC0
824;117;144;255;Mariquita;x;#7590FF
825;245;146;0;Bogota;x;#F59200
826;118;148;64;Choco;x;#769440
827;246;150;128;Antioquía;x;#F69680
828;118;152;192;Cartagena;x;#7698C0
829;246;154;255;Magdalena;x;#F69AFF
830;118;156;0;Maracaibo;x;#769C00
831;246;158;64;Caracas;x;#F69E40
832;118;32;128;Chiancon;x;#762080
833;247;34;192;Graaff-Reinet;x;#F722C0
834;119;36;255;Barinas;x;#7724FF
835;128;34;79;Panama;x;#80224F
836;0;36;126;Chorotega;x;#00247E
837;128;38;173;Nicaragua;x;#8026AD
838;0;40;32;Mosquito;x;#002820
839;128;42;79;Pipil;x;#802A4F
840;0;44;126;Honduras;x;#002C7E
841;129;46;173;Guatemala;x;#812EAD
842;1;48;32;Petén;x;#013020
843;129;50;79;Belize;x;#81324F
844;1;52;126;Zapotec;x;#01347E
845;129;54;173;Campeche;x;#8136AD
846;1;56;32;Yucatan;x;#013820
847;129;58;79;Mixtec;x;#813A4F
848;2;60;126;Tohancapan;x;#023C7E
849;130;62;173;Tlapanec;x;#823EAD
850;2;64;32;Tlaxcala;x;#024020
851;130;66;79;Tarasco;x;#82424F
852;2;68;126;Mexico;x;#02447E
853;130;70;173;Huastec;x;#8246AD
854;2;72;32;Sayultecas;x;#024820
855;131;74;79;Huichol;x;#834A4F
856;3;76;126;Zacatecas;x;#034C7E
857;131;78;173;Guachichil;x;#834EAD
858;3;80;32;Tamaulipas;x;#035020
859;131;82;79;Sinaloa;x;#83524F
860;3;84;126;Tepehuan;x;#03547E
861;131;86;173;Coahuila;x;#8356AD
862;4;88;32;Yaqui;x;#045820
863;132;90;79;Suma;x;#845A4F
864;4;92;126;Concho;x;#045C7E
865;132;94;173;Cochimi;x;#845EAD
866;4;96;32;Guaycura;x;#046020
867;132;98;79;Mojave;x;#84624F
868;4;100;126;Chumash;x;#04647E
869;133;102;173;Salinan;x;#8566AD
870;5;104;32;Yorkuts;x;#056820
871;133;106;79;Pomo;x;#856A4F
872;5;108;126;Kalapuya;x;#056C7E
873;133;110;173;Chinook;x;#856EAD
874;5;112;32;Salish;x;#057020
875;133;114;79;Canyon;x;#85724F
876;6;116;126;Yavapai;x;#06747E
877;134;118;173;Pima;x;#8676AD
878;6;120;32;Navajo;x;#067820
879;134;122;79;Apache;x;#867A4F
880;6;124;126;Pueblo;x;#067C7E
881;134;126;173;Piro;x;#867EAD
882;6;128;32;Mescalero;x;#068020
883;135;130;79;Lipan;x;#87824F
884;7;132;126;Karankawa;x;#07847E
885;135;134;173;Comanche;x;#8786AD
886;7;136;32;Waco;x;#078820
887;135;138;79;Tonkawa;x;#878A4F
888;7;140;126;Atakapa;x;#078C7E
889;135;142;173;Arapaho;x;#878EAD
890;8;144;32;Kiowa;x;#089020
891;136;146;79;Jicarilla;x;#88924F
892;8;148;126;Wichita;x;#08947E
893;136;150;173;Chitimacha;x;#8896AD
894;8;152;32;Caddo;x;#089820
895;136;154;79;Arkansas;x;#889A4F
896;8;156;126;Ozark;x;#089C7E
897;137;158;173;Quapaw;x;#899EAD
898;9;32;32;Kansas;x;#092020
899;137;34;79;Osage;x;#89224F
900;9;36;126;Tamaroa;x;#09247E
901;137;38;173;Pawnee;x;#8926AD
902;9;40;32;Missouri;x;#092820
903;137;42;79;Omaha;x;#892A4F
904;10;44;126;Nakota;x;#0A2C7E
905;138;46;173;Iowa;x;#8A2EAD
906;10;48;32;Lakota;x;#0A3020
907;138;50;79;Dakota;x;#8A324F
908;10;52;126;Minnesota;x;#0A347E
909;138;54;173;Mandan;x;#8A36AD
910;10;56;32;Chippewa;x;#0A3820
911;139;58;79;Menominee;x;#8B3A4F
912;11;60;126;Sauk;x;#0B3C7E
913;139;62;173;Fox;x;#8B3EAD
914;11;64;32;Winnebago;x;#0B4020
915;139;66;79;Illinois;x;#8B424F
916;11;68;126;Kaskaskia;x;#0B447E
917;139;70;173;Cahokia;x;#8B46AD
918;12;72;32;Tennessee;x;#0C4820
919;140;74;79;Chickasaw;x;#8C4A4F
920;12;76;126;Choctaw;x;#0C4C7E
921;140;78;173;Bayougoula;x;#8C4EAD
922;12;80;32;Mobile;x;#0C5020
923;140;82;79;Pensacola;x;#8C524F
924;12;84;126;Alabama;x;#0C547E
925;141;86;173;Tuskegee;x;#8D56AD
926;13;88;32;Seminole;x;#0D5820
927;141;90;79;Timucua;x;#8D5A4F
928;13;92;126;Apalachee;x;#0D5C7E
929;141;94;173;Muskogee;x;#8D5EAD
930;13;96;32;Yamasee;x;#0D6020
931;141;98;79;Chiaha;x;#8D624F
932;14;100;126;Santee;x;#0E647E
933;142;102;173;Catawba;x;#8E66AD
934;14;104;32;Shawnee;x;#0E6820
935;142;106;79;Cherokee;x;#8E6A4F
936;14;108;126;Cheraw;x;#0E6C7E
937;142;110;173;Tuscarora;x;#8E6EAD
938;14;112;32;Pamlico;x;#0E7020
939;143;114;79;Pennyrile;x;#8F724F
940;15;116;126;Kentucky;x;#0F747E
941;143;118;173;Cumberland;x;#8F76AD
942;15;120;32;Wea;x;#0F7820
943;143;122;79;Miami;x;#8F7A4F
944;15;124;126;Potawatomi;x;#0F7C7E
945;143;126;173;Michigan;x;#8F7EAD
946;16;128;32;Wyandot;x;#108020
947;144;130;79;Erie;x;#90824F
948;16;132;126;Ohio;x;#10847E
949;144;134;173;Monacan;x;#9086AD
950;16;136;32;Powhatan;x;#108820
951;144;138;79;Kanawha;x;#908A4F
952;16;140;126;Manahoac;x;#108C7E
953;145;142;173;Conoy;x;#918EAD
954;17;144;32;Allegheny;x;#119020
955;145;146;79;Susquehanna;x;#91924F
956;17;148;126;Lenape;x;#11947E
957;145;150;173;Delaware;x;#9196AD
958;17;152;32;Seneca;x;#119820
959;145;154;79;Cayuga;x;#919A4F
960;18;156;126;Onondaga;x;#129C7E
961;146;158;173;Oneida;x;#929EAD
962;18;32;32;Unami;x;#122020
963;146;34;79;Mahican;x;#92224F
964;18;36;126;Mohawk;x;#12247E
965;146;38;173;Manhattan;x;#9226AD
966;18;40;32;Connecticut;x;#122820
967;147;42;79;Narraganset;x;#932A4F
968;19;44;126;Massachusetts;x;#132C7E
969;147;46;173;Pocumtuk;x;#932EAD
970;19;48;32;Pennacook;x;#133020
971;147;50;79;Abnaki;x;#93324F
972;19;52;126;Nootka;x;#13347E
973;147;54;173;Squamish;x;#9336AD
974;20;56;32;Kwakiutl;x;#143820
975;148;58;79;Tsimshian;x;#943A4F
976;20;60;126;Tlingit;x;#143C7E
977;148;62;173;Yakutat;x;#943EAD
978;20;64;32;Kenai;x;#144020
979;148;66;79;Aleut;x;#94424F
980;20;68;126;Beothuk;x;#14447E
981;149;70;173;Taqamkuk;x;#9546AD
982;21;72;32;Unamakik;x;#154820
983;149;74;79;Epekwitk;x;#954A4F
984;21;76;126;Acadia;x;#154C7E
985;149;78;173;Micmac;x;#954EAD
986;21;80;32;Kespek;x;#155020
987;149;82;79;Niagara;x;#95524F
988;22;84;126;Huron;x;#16547E
989;150;86;173;Ontario;x;#9656AD
990;22;88;32;Kwedech;x;#165820
991;150;90;79;Ottawa;x;#965A4F
992;22;92;126;Algonquin;x;#165C7E
993;150;94;173;Hochelega;x;#965EAD
994;22;96;32;Stadacona;x;#166020
995;151;98;79;Atiamekw;x;#97624F
996;23;100;126;Innu;x;#17647E
997;151;102;173;Labrador;x;#9766AD
998;23;104;32;Ungava;x;#176820
999;151;106;79;Nunavik;x;#976A4F
1000;23;108;126;Cree;x;#176C7E
1001;151;110;173;Sault;x;#976EAD
1002;24;112;32;Abitbi;x;#187020
1003;152;114;79;Moose Cree;x;#98724F
1004;24;116;126;Attawapiskat;x;#18747E
1005;152;118;173;Swampy Cree;x;#9876AD
1006;24;120;32;Chipewyan;x;#187820
1007;152;122;79;Ojibwa;x;#987A4F
1008;24;124;126;Winnipeg;x;#187C7E
1009;153;126;173;Atikaki;x;#997EAD
1010;25;128;32;Manitoba;x;#198020
1011;153;130;79;Woods Cree;x;#99824F
1012;25;132;126;Satsuma;x;#19847E
1013;233;94;0;Cheongju;x;#E95E00
1014;25;136;32;Bungo;x;#198820
1015;153;138;79;Okinawa;x;#998A4F
1016;26;140;126;Nghe An;x;#1A8C7E
1017;154;142;173;Suo;x;#9A8EAD
1018;26;144;32;Izumo;x;#1A9020
1019;154;146;79;Harima;x;#9A924F
1020;26;148;126;Kyoto;x;#1A947E
1021;154;150;173;Settsu;x;#9A96AD
1022;26;152;32;Amaravati;x;#1A9820
1023;155;154;79;Echizen;x;#9B9A4F
1024;27;156;126;Echigo;x;#1B9C7E
1025;155;158;173;Dewa;x;#9B9EAD
1026;27;32;32;Mutsu;x;#1B2020
1027;155;34;79;Hitachi;x;#9B224F
1028;27;36;126;Musashi;x;#1B247E
1029;155;38;173;Kai;x;#9B26AD
1030;28;40;32;Owari;x;#1C2820
1031;156;42;79;Kamikawa;x;#9C2A4F
1032;28;44;126;Kurils;x;#1C2C7E
1033;156;46;173;Sakhalin;x;#9C2EAD
1034;28;48;32;Kamchatka;x;#1C3020
1035;156;50;79;Penchisky;x;#9C324F
1036;28;52;126;Podzhiversk;x;#1C347E
1037;157;54;173;Nizhe-Kolymsk;x;#9D36AD
1038;29;56;32;Anadyrsk;x;#1D3820
1039;157;58;79;Verkhoyansk;x;#9D3A4F
1040;29;254;126;Suntar Khayat;x;#1DFE7E
1041;157;62;173;Gizhiga;x;#9D3EAD
1042;29;64;32;Kamnuskoye;x;#1D4020
1043;157;66;79;Okhotsk;x;#9D424F
1044;30;68;126;Tauisk;x;#1E447E
1045;158;70;173;Yakutsk;x;#9E46AD
1046;30;243;32;Butalsk;x;#1EF320
1047;158;174;79;Jugjur;x;#9EAE4F
1048;30;76;126;Udskoye;x;#1E4C7E
1049;158;78;173;Saghalian Oula;x;#9E4EAD
1050;30;80;32;Deren;x;#1E5020
1051;159;82;79;Uchurskoye;x;#9F524F
1052;31;84;126;Verkohzehkoye;x;#1F547E
1053;159;86;173;Albazinsky;x;#9F56AD
1054;31;88;32;Ilimsk;x;#1F5820
1055;159;90;79;Verkne-Angarsky;x;#9F5A4F
1056;31;92;126;Barguzinsky;x;#1F5C7E
1057;159;94;173;Udinsky;x;#9F5EAD
1058;32;96;32;Nerchinsky;x;#206020
1059;160;98;79;Bratsk;x;#A0624F
1060;32;100;126;Irkutsk;x;#20647E
1061;160;102;173;Yeniseysk;x;#A066AD
1062;32;104;32;Kachinsk;x;#206820
1063;160;106;79;Sayan;x;#A06A4F
1064;32;108;126;Tomsk;x;#206C7E
1065;161;110;173;Kuznetsk;x;#A16EAD
1066;33;112;32;Altai;x;#217020
1067;161;114;79;Narym;x;#A1724F
1068;33;116;126;Pegaya Orda;x;#21747E
1069;161;118;173;Surgut;x;#A176AD
1070;33;120;32;Koda;x;#217820
1071;161;122;79;Tara;x;#A17A4F
1072;34;124;126;Obdorsk;x;#227C7E
1073;162;226;173;Berezov;x;#A2E2AD
1074;34;228;32;Sibir;x;#22E420
1075;162;130;79;Tyumen;x;#A2824F
1076;34;132;126;Kurgan;x;#22847E
1077;162;134;173;Solikamsk;x;#A286AD
1078;34;136;32;Middle Urals;x;#228820
1079;163;138;79;Viatka;x;#A38A4F
1080;35;140;126;North Urals;x;#238C7E
1081;163;142;173;Simbirsk;x;#A38EAD
1082;35;144;32;Kazan;x;#239020
1083;163;146;79;Zavolochye;x;#A3924F
1084;35;148;126;Wadjuk;x;#23947E
1085;163;150;173;Paredarerme;x;#A396AD
1086;36;152;32;Kaurna;x;#249820
1087;164;154;79;Woiworung;x;#A49A4F
1088;36;156;126;Wergaia;x;#249C7E
1089;164;158;173;Wiradjuri;x;#A49EAD
1090;36;232;32;Eora;x;#24E820
1091;164;34;79;Kamilaroi;x;#A4224F
1092;36;36;126;Bundjalung;x;#24247E
1093;165;38;173;Barunggam;x;#A526AD
1094;37;240;32;Gubbi Gubbi;x;#25F020
1095;165;42;79;Falklands;x;#A52A4F
1096;37;44;126;Cape Verde;x;#252C7E
1097;165;46;173;Fernando Po;x;#A52EAD
1098;37;248;32;St. Helena;x;#25F820
1099;165;50;79;Socotra;x;#A5324F
1100;38;52;126;Mahe;x;#26347E
1101;166;54;173;Diego Garcia;x;#A636AD
1102;38;247;32;Mauritius;x;#26F720
1103;166;58;79;Bourbon;x;#A63A4F
1104;38;60;126;Eiriksfjord;x;#263C7E
1105;166;62;173;Vestbygden;x;#A63EAD
1106;38;164;32;Whangarei;x;#26A420
1107;167;66;79;Taranaki;x;#A7424F
1108;39;68;126;Wairoa;x;#27447E
1109;167;70;173;Timaru;x;#A746AD
1110;39;72;32;Rio de Oro;x;#274820
1111;167;74;79;Arguin;x;#A74A4F
1112;39;76;126;Trarza;x;#274C7E
1113;167;78;173;Cayor;x;#A74EAD
1114;40;80;32;Gabu;x;#285020
1115;168;82;79;Brakna;x;#A8524F
1116;40;84;126;Wolof;x;#28547E
1117;168;86;173;Futa Jallon;x;#A856AD
1118;40;88;32;Sierra Leone;x;#285820
1119;168;90;79;Grain Coast;x;#A85A4F
1120;40;92;126;Bambuk;x;#285C7E
1121;169;94;173;Bure;x;#A95EAD
1122;41;96;32;Konian;x;#296020
1123;169;98;79;Segu;x;#A9624F
1124;41;100;126;Wasuju;x;#29647E
1125;169;102;173;Worodugu;x;#A966AD
1126;41;104;32;Ivory Coast;x;#296820
1127;169;106;79;Tuat;x;#A96A4F
1128;42;108;126;Taodeni;x;#2A6C7E
1129;170;110;173;Azawadd;x;#AA6EAD
1130;42;112;32;Tadimekket;x;#2A7020
1131;170;114;79;Massina;x;#AA724F
1132;42;116;126;Timbuktu;x;#2A747E
1133;170;118;173;Gao;x;#AA76AD
1134;42;120;32;Jenne;x;#2A7820
1135;171;122;79;Yatenga;x;#AB7A4F
1136;43;124;126;Gurma;x;#2B7C7E
1137;171;126;173;Wagadugi;x;#AB7EAD
1138;43;128;32;Kumasi;x;#2B8020
1139;171;130;79;Gold Coast;x;#AB824F
1140;43;132;126;Abomey;x;#2B847E
1141;171;134;173;Whydah;x;#AB86AD
1142;44;136;32;Dendi;x;#2C8820
1143;172;138;79;Borgu;x;#AC8A4F
1144;44;140;126;Oyo;x;#2C8C7E
1145;172;142;173;Nupe;x;#AC8EAD
1146;44;144;32;Ife;x;#2C9020
1147;172;146;79;Benin;x;#AC924F
1148;44;148;126;Gobir;x;#2C947E
1149;173;150;173;Katsina;x;#AD96AD
1150;45;152;32;Zamfara;x;#2D9820
1151;173;154;79;Bonny;x;#AD9A4F
1152;45;156;126;Idah;x;#2D9C7E
1153;173;158;173;Pindinga;x;#AD9EAD
1154;45;32;32;Zazzau;x;#2D2020
1155;173;34;79;Kano;x;#AD224F
1156;46;36;126;Damagaram;x;#2E247E
1157;174;38;173;Damasak;x;#AE26AD
1158;46;40;32;Kanem;x;#2E2820
1159;174;42;79;Bagirmi;x;#AE2A4F
1160;46;44;126;Bornu;x;#2E2C7E
1161;174;246;173;Bauchi;x;#AEF6AD
1162;46;48;32;Wukari;x;#2E3020
1163;175;50;79;Calabar;x;#AF324F
1164;47;52;126;Cameroon;x;#2F347E
1165;175;54;173;Gabon;x;#AF36AD
1166;47;236;32;Loango;x;#2FEC20
1167;175;58;79;Luanda;x;#AF3A4F
1168;206;217;77;Nsoyo;x;#CED94D
1169;175;62;173;Mayombe;x;#AF3EAD
1170;48;64;32;Kongo;x;#304020
1171;176;66;79;Ndongo;x;#B0424F
1172;48;68;126;Benguela;x;#30447E
1173;176;70;173;Namibia;x;#B046AD
1174;48;172;32;Angra Pequena;x;#30AC20
1175;176;74;79;Lesser Namaqualand;x;#B04A4F
1176;48;76;126;Roggeveld;x;#304C7E
1177;177;78;173;Cape;x;#B14EAD
1178;49;80;32;Great Karoo;x;#315020
1179;177;82;79;Swellendam;x;#B1524F
1180;49;84;126;Transkei;x;#31547E
1181;177;86;173;Natal;x;#B156AD
1182;49;88;32;Delagoa Bay;x;#315820
1183;177;90;79;Inhambane;x;#B15A4F
1184;50;92;126;Zimbabwe;x;#325C7E
1185;178;94;173;Uteve;x;#B25EAD
1186;50;96;32;Sofala;x;#326020
1187;178;98;79;Urungwe;x;#B2624F
1188;50;100;126;Tete;x;#32647E
1189;178;202;173;Barwe;x;#B2CAAD
1190;50;104;32;Zumbo;x;#326820
1191;179;106;79;Sena;x;#B36A4F
1192;51;108;126;Quelimane;x;#336C7E
1193;179;110;173;Menabe;x;#B36EAD
1194;51;212;32;Besalampy;x;#33D420
1195;179;114;79;Mozambique;x;#B3724F
1196;51;116;126;Kilwa;x;#33747E
1197;179;118;173;Ujiji;x;#B376AD
1198;52;120;32;Tabora;x;#347820
1199;180;122;79;Bagamoyo;x;#B47A4F
1200;52;124;126;Tanga;x;#347C7E
1201;180;126;173;Zanzibar;x;#B47EAD
1202;52;128;32;Mombasa;x;#348020
1203;180;130;79;Malindi;x;#B4824F
1204;52;132;126;Chisimayo;x;#34847E
1205;181;134;173;Mogadishu;x;#B586AD
1206;53;136;32;Mayertern;x;#358820
1207;181;138;79;Ogaden;x;#B58A4F
1208;53;140;126;Haud;x;#358C7E
1209;181;142;173;Berbera;x;#B58EAD
1210;53;144;32;Ifat;x;#359020
1211;181;146;79;Harer;x;#B5924F
1212;54;148;126;Zeila;x;#36947E
1213;182;150;173;Shoa;x;#B696AD
1214;54;152;32;Awsa;x;#369820
1215;182;154;79;Tajura;x;#B69A4F
1216;54;156;126;Dar Nuba;x;#369C7E
1217;182;158;173;Fazughli;x;#B69EAD
1218;54;32;32;Kefa;x;#362020
1219;183;34;79;Kordofan;x;#B7224F
1220;55;36;126;Dar Ja'al;x;#37247E
1221;183;38;173;Taqali;x;#B726AD
1222;55;40;32;Gezira;x;#372820
1223;183;42;79;Gojjam;x;#B72A4F
1224;55;44;126;Gonder;x;#372C7E
1225;183;246;173;Butana;x;#B7F6AD
1226;56;48;32;Taka;x;#383020
1227;184;50;79;Tigre;x;#B8324F
1228;56;252;126;Dongola;x;#38FC7E
1229;184;54;173;Berber;x;#B836AD
1230;56;56;32;Massawa;x;#383820
1231;184;58;79;Aswan;x;#B83A4F
1232;56;60;126;Suakin;x;#383C7E
1233;185;62;173;Kharga;x;#B93EAD
1234;57;164;32;Qasr Ibrim;x;#39A420
1235;185;66;79;Guam;x;#B9424F
1236;57;68;126;Rabaul;x;#39447E
1237;185;70;173;Papua;x;#B946AD
1238;57;172;32;Solomon Islands;x;#39AC20
1239;185;74;79;Vanuatu;x;#B94A4F
1240;58;76;126;Hawaii;x;#3A4C7E
1241;186;78;173;Kiribati;x;#BA4EAD
1242;58;180;32;Fiji;x;#3AB420
1243;186;82;79;Samoa;x;#BA524F
1244;58;84;126;Tahiti;x;#3A547E
1245;186;86;173;Irian;x;#BA56AD
1246;58;188;32;Aorangi;x;#3ABC20
1247;187;90;79;Corsica;x;#BB5A4F
1248;59;92;126;Maldives;x;#3B5C7E
1249;187;94;173;Yola;x;#BB5EAD
1250;1;200;200;Vänern;x;#01C8C8
1251;2;200;250;Vättern;x;#02C8FA
1252;3;220;250;Gulf of Bothnia;x;#03DCFA
1253;4;250;250;Ålands Hav;x;#04FAFA
1254;5;200;200;Gulf of Finland;x;#05C8C8
1255;6;200;250;Western Baltic Sea;x;#06C8FA
1256;7;220;250;Gulf of Riga;x;#07DCFA
1257;8;250;250;Southern Baltic Sea;x;#08FAFA
1258;9;200;200;Öresund;x;#09C8C8
1259;10;200;250;Kattegat;x;#0AC8FA
1260;11;220;250;Peipsi Järv;x;#0BDCFA
1261;12;250;250;Ladoga;x;#0CFAFA
1262;13;200;200;Onega;x;#0DC8C8
1263;14;200;250;Barents Sea;x;#0EC8FA
1264;15;220;250;Lofoten Sea;x;#0FDCFA
1265;16;250;250;Northern Norwegian Sea;x;#10FAFA
1266;17;200;200;Southern Norwegian Sea;x;#11C8C8
1267;18;200;250;Skagerrack;x;#12C8FA
1268;19;220;250;Helgoland Bight;x;#13DCFA
1269;20;250;250;Coast of Holland;x;#14FAFA
1270;21;200;200;Dogger Bank;x;#15C8C8
1271;22;200;250;Straits of Dover;x;#16C8FA
1272;23;220;250;The Channel;x;#17DCFA
1273;224;123;123;Taveta;x;#E07B7B
1274;25;200;200;Coast of Britanny;x;#19C8C8
1275;26;200;250;Quiberon Bay;x;#1AC8FA
1276;27;220;250;Cote D'Argent;x;#1BDCFA
1277;28;250;250;Bay of Biscay;x;#1CFAFA
1278;29;200;200;Cantabrian Sea;x;#1DC8C8
1279;30;200;250;Tyne;x;#1EC8FA
1280;31;220;250;Firth of Forth;x;#1FDCFA
1281;32;250;250;The North Sea;x;#20FAFA
1282;33;200;200;Moray Firth;x;#21C8C8
1283;34;200;250;North Channel;x;#22C8FA
1284;35;220;250;Irish Sea;x;#23DCFA
1285;36;250;250;St. George's Channel;x;#24FAFA
1286;37;200;200;Donegal Bay;x;#25C8C8
1287;38;200;250;Dingle Bay;x;#26C8FA
1288;39;220;250;Celtic Sea;x;#27DCFA
1289;40;250;250;Western Approaches;x;#28FAFA
1290;41;200;200;Finisterre Bay;x;#29C8C8
1291;42;200;250;Lusitanian Sea;x;#2AC8FA
1292;43;220;250;Gulf of Cadiz;x;#2BDCFA
1293;44;250;250;Straits of Gibraltar;x;#2CFAFA
1294;45;200;200;Gulf of Almeira;x;#2DC8C8
1295;46;200;250;Gulf of Valencia;x;#2EC8FA
1296;47;220;250;Gulf of Lion;x;#2FDCFA
1297;48;250;250;Cote D'Azur;x;#30FAFA
1298;49;200;200;Ligurian Sea;x;#31C8C8
1299;50;200;250;Shetland Straits;x;#32C8FA
1300;51;220;250;Western Mediterranean;x;#33DCFA
1301;52;250;250;Barbary Coast;x;#34FAFA
1302;53;200;200;Cape Bon;x;#35C8C8
1303;54;200;250;Tyrrenean Sea;x;#36C8FA
1304;55;220;250;Bay of Naples;x;#37DCFA
1305;56;250;250;Gulf of Gabes;x;#38FAFA
1306;181;48;132;Sao Tome;x;#B53084
1307;58;200;250;Straits of Messina;x;#3AC8FA
1308;59;220;250;Gulf of Venice;x;#3BDCFA
1309;60;250;250;Adriatic Sea;x;#3CFAFA
1310;61;200;200;Straits of Otranto;x;#3DC8C8
1311;62;200;250;Gulf of Taranto;x;#3EC8FA
1312;63;220;250;Ionian Sea;x;#3FDCFA
1313;64;250;250;Gulf of Sirte;x;#40FAFA
1314;65;200;200;Gulf of Tobruk;x;#41C8C8
1315;66;200;250;Bay of Alexandrian;x;#42C8FA
1316;67;220;250;Palestinian Coast;x;#43DCFA
1317;68;250;250;Gulf of Cyprus;x;#44FAFA
1318;209;246;4;Spis;x;#D1F604
1319;70;200;250;Aegean Sea;x;#46C8FA
1320;71;220;250;Sea of Marmara;x;#47DCFA
1321;72;250;250;Gulf of Varna;x;#48FAFA
1322;73;200;200;Gulf of Odessa;x;#49C8C8
1323;74;200;250;Sea of Azov;x;#4AC8FA
1324;75;220;250;Eastern Black Sea;x;#4BDCFA
1325;76;250;250;Lake Balaton;x;#4CFAFA
1326;77;200;200;Caspian Sea;x;#4DC8C8
1327;78;200;250;Aral Sea;x;#4EC8FA
1328;79;220;250;Gulf of Suez;x;#4FDCFA
1329;80;250;250;Red Sea;x;#50FAFA
1330;81;200;200;Straits of Obokk;x;#51C8C8
1331;82;200;250;Bal el Mandeb;x;#52C8FA
1332;83;220;250;Coast of Mascate;x;#53DCFA
1333;84;250;250;Gulf of Masirah;x;#54FAFA
1334;85;200;200;Straits of Hormuz;x;#55C8C8
1335;86;200;250;Persian Gulf;x;#56C8FA
1336;87;220;250;Gulf of Indus;x;#57DCFA
1337;88;250;250;Gulf of Gujarat;x;#58FAFA
1338;89;200;200;Laquedive Islands;x;#59C8C8
1339;90;200;250;Coast of Malabar;x;#5AC8FA
1340;91;220;250;Comorin Cape;x;#5BDCFA
1341;92;250;250;Coast of Caramandel;x;#5CFAFA
1342;93;200;200;Coast of Orissa;x;#5DC8C8
1343;94;200;250;Ganges Delta;x;#5EC8FA
1344;95;220;250;Akyab Bay;x;#5FDCFA
1345;96;250;250;Irrawady Delta;x;#60FAFA
1346;97;200;200;Andaman Sea;x;#61C8C8
1347;98;200;250;Mergui Archipelago;x;#62C8FA
1348;99;220;250;Straits of Malacca;x;#63DCFA
1349;100;250;250;Nicobar Isles;x;#64FAFA
1350;101;200;200;Coast of Atjeh;x;#65C8C8
1351;102;200;250;Coast of Sumatra;x;#66C8FA
1352;103;220;250;Christmas Island;x;#67DCFA
1353;104;250;250;Coast of Java;x;#68FAFA
1354;105;200;200;Coast of Surabaya;x;#69C8C8
1355;106;200;250;Straits of Lombok;x;#6AC8FA
1356;107;220;250;Timor Sea;x;#6BDCFA
1357;108;250;250;The Moluccas;x;#6CFAFA
1358;109;200;200;Java Sea;x;#6DC8C8
1359;110;200;250;Straits of Makassar;x;#6EC8FA
1360;111;220;250;Karimata Strait;x;#6FDCFA
1361;112;250;250;Straits of Johore;x;#70FAFA
1362;113;200;200;Malayan Sea;x;#71C8C8
1363;114;200;250;Coast of Sarawk;x;#72C8FA
1364;115;220;250;Mekong Delta;x;#73DCFA
1365;116;250;250;Gulf of Siam;x;#74FAFA
1366;117;200;200;Cam Rah Bay;x;#75C8C8
1367;118;200;250;South China Sea;x;#76C8FA
1368;119;220;250;Coast of Brunei;x;#77DCFA
1369;120;250;250;Coast of Annam;x;#78FAFA
1370;121;200;200;Gulf of Tonkin;x;#79C8C8
1371;122;200;250;Guanghou Bay;x;#7AC8FA
1372;123;220;250;Taiwan Strait;x;#7BDCFA
1373;124;250;250;Yang Tse Delta;x;#7CFAFA
1374;125;200;200;Western Yellow Sea;x;#7DC8C8
1375;126;200;250;Korea Bay;x;#7EC8FA
1376;127;220;250;South Korean Sea;x;#7FDCFA
1377;0;251;251;North Korean Sea;x;#00FBFB
1378;1;201;201;Coast of Olga;x;#01C9C9
1379;2;201;251;Tatar Straits;x;#02C9FB
1380;3;221;251;Amur Delta;x;#03DDFB
1381;4;251;251;Baj of Ayan;x;#04FBFB
1382;5;201;201;Bay of Komenskoie;x;#05C9C9
1383;6;201;251;Coast of Kamchatska;x;#06C9FB
1384;7;221;251;Oktothsk Sea;x;#07DDFB
1385;8;251;251;Coast Sahkalin;x;#08FBFB
1386;9;201;201;Soya Strait;x;#09C9C9
1387;10;201;251;Tsugaru Strait;x;#0AC9FB
1388;11;221;251;Yamato Basin;x;#0BDDFB
1389;12;251;251;Amakusa Sea;x;#0CFBFB
1390;13;201;201;Setto Inland Sea;x;#0DC9C9
1391;14;201;251;Kii Channel;x;#0EC9FB
1392;15;221;251;Ryukyu Islands;x;#0FDDFB
1393;16;251;251;Luzon Strait;x;#10FBFB
1394;17;201;201;Paracel Islands;x;#11C9C9
1395;18;201;251;Manila Bay;x;#12C9FB
1396;19;221;251;Coast of Luzon;x;#13DDFB
1397;20;251;251;Gulf of Leyte;x;#14FBFB
1398;21;201;201;Sulu Sea;x;#15C9C9
1399;22;201;251;Sea of Celebes;x;#16C9FB
1400;23;221;251;Sea of Ternete;x;#17DDFB
1401;24;251;251;Sea of Banda;x;#18FBFB
1402;25;201;201;Philipine Sea;x;#19C9C9
1403;26;201;251;Palau Islands;x;#1AC9FB
1404;27;221;251;Biak Bay;x;#1BDDFB
1405;28;251;251;Vilian Strait;x;#1CFBFB
1406;29;201;201;Trobrian Islands;x;#1DC9C9
1407;30;201;251;Torres Strait;x;#1EC9FB
1408;31;221;251;Arafuam Sea;x;#1FDDFB
1409;32;251;251;Kolepom Bay;x;#20FBFB
1410;33;201;201;Gulf of Carpentaria;x;#21C9C9
1411;34;201;251;Great Barrier Reef;x;#22C9FB
1412;35;221;251;Capricorn Bay;x;#23DDFB
1413;36;251;251;Cape Howe;x;#24FBFB
1414;37;201;201;Bass Strait;x;#25C9C9
1415;38;201;251;Kangaroo Island;x;#26C9FB
1416;39;221;251;Great Australian Bight;x;#27DDFB
1417;40;251;251;Cape Leuwiin;x;#28FBFB
1418;41;201;201;Shark Bay;x;#29C9C9
1419;42;201;251;Northwest Cape;x;#2AC9FB
1420;43;221;251;King Sound;x;#2BDDFB
1421;44;251;251;Tasman Sea;x;#2CFBFB
1422;45;201;201;Southern Tasman Sea;x;#2DC9C9
1423;46;201;251;Cook Strait;x;#2EC9FB
1424;47;221;251;Northern Tasman Sea;x;#2FDDFB
1425;48;251;251;Cape Farwell;x;#30FBFB
1426;49;201;201;Coast of New Zealand;x;#31C9C9
1427;50;201;251;Cantebury Bight;x;#32C9FB
1428;51;221;251;Sea of Antarctica;x;#33DDFB
1429;52;251;251;New Caledonian Sea;x;#34FBFB
1430;53;201;201;Coral Sea;x;#35C9C9
1431;54;201;251;Gilbert Sea;x;#36C9FB
1432;55;221;251;Solomon Sea;x;#37DDFB
1433;56;251;251;Nauru Island;x;#38FBFB
1434;57;201;201;Melanesia Sea;x;#39C9C9
1435;58;201;251;Micronesia Sea;x;#3AC9FB
1436;59;221;251;Yap Islands;x;#3BDDFB
1437;60;251;251;Mariana Islands;x;#3CFBFB
1438;61;201;201;Tinian Sea;x;#3DC9C9
1439;62;201;251;Iwo Jima Sea;x;#3EC9FB
1440;63;221;251;Sanriku Coast;x;#3FDDFB
1441;64;251;251;The Kuriles;x;#40FBFB
1442;65;201;201;Bay of Uka;x;#41C9C9
1443;66;201;251;Bay of Oljut;x;#42C9FB
1444;67;221;251;Bay of Anadyr;x;#43DDFB
1445;68;251;251;Bering Sea;x;#44FBFB
1446;69;201;201;Horn of Africa;x;#45C9C9
1447;70;201;251;Coast of Pepper;x;#46C9FB
1448;71;221;251;Zanzibar Strait;x;#47DDFB
1449;72;251;251;Mozambique Channel;x;#48FBFB
1450;73;201;201;Diego Suarez Bay;x;#49C9C9
1451;74;201;251;Western Arabian Sea;x;#4AC9FB
1452;75;221;251;Eastern Arabian Sea;x;#4BDDFB
1453;76;251;251;The Seychelles;x;#4CFBFB
1454;77;201;201;Coast of Tamatave;x;#4DC9C9
1455;78;201;251;The Mascareignes;x;#4EC9FB
1456;79;221;251;Gulf of Zambeze;x;#4FDDFB
1457;80;251;251;Coast of Natal;x;#50FBFB
1458;81;201;201;Coast of Transkei;x;#51C9C9
1459;82;201;251;Coast of Ciskei;x;#52C9FB
1460;83;221;251;Cape of Good Hope;x;#53DDFB
1461;84;251;251;Coast of Namibia;x;#54FBFB
1462;85;201;201;Coast of Angola;x;#55C9C9
1463;86;201;251;Gulf of Kongo;x;#56C9FB
1464;87;221;251;Coast of Cameroon;x;#57DDFB
1465;88;251;251;Gulf of Nigeria;x;#58FBFB
1466;89;201;201;Ivory Coast;x;#59C9C9
1467;90;201;251;Gold Coast;x;#5AC9FB
1468;91;221;251;Coast of Gamvia;x;#5BDDFB
1469;92;251;251;Coast of Guinea;x;#5CFBFB
1470;93;201;201;Maueretanian Coast;x;#5DC9C9
1471;94;201;251;Canarian Sea;x;#5EC9FB
1472;95;221;251;Coast of Morocco;x;#5FDDFB
1473;96;251;251;Jan Mayen Sea;x;#60FBFB
1474;97;201;201;Spitzberg Sea;x;#61C9C9
1475;98;201;251;Icelandic Sea;x;#62C9FB
1476;99;221;251;Eastern Coast of Iceland;x;#63DDFB
1477;100;251;251;Western Coast of Iceland;x;#64FBFB
1478;101;201;201;Northeastern Atlantic;x;#65C9C9
1479;102;201;251;Rockall;x;#66C9FB
1480;103;221;251;Denmark Strait;x;#67DDFB
1481;104;251;251;Eastern Coast of Greenland;x;#68FBFB
1482;105;201;201;Western Coast of Greenland;x;#69C9C9
1483;106;201;251;Labrador Strait;x;#6AC9FB
1484;107;221;251;Baffin Bay;x;#6BDDFB
1485;108;251;251;Hudson Straits;x;#6CFBFB
1486;109;201;201;James Bay;x;#6DC9C9
1487;110;201;251;Western Hudson Bay;x;#6EC9FB
1488;111;221;251;Eastern Hudson Bay;x;#6FDDFB
1489;112;251;251;Foxe Bassin;x;#70FBFB
1490;113;201;201;Gulf of St. Lawrence;x;#71C9C9
1491;114;201;251;Cabot Strait;x;#72C9FB
1492;115;221;251;Bay of Fundy;x;#73DDFB
1493;116;251;251;Strait of Belle Isle;x;#74FBFB
1494;117;201;201;Fortune Bay;x;#75C9C9
1495;118;201;251;Notre Dame Bay;x;#76C9FB
1496;119;221;251;Labrador Sea;x;#77DDFB
1497;120;251;251;Greenland Sea;x;#78FBFB
1498;121;201;201;Northern Atlantic;x;#79C9C9
1499;122;201;251;Masschusetts Bay;x;#7AC9FB
1500;123;221;251;Chesapaeake Bay;x;#7BDDFB
1501;124;251;251;Cape Hatteras;x;#7CFBFB
1502;125;201;201;Coast of Carolina;x;#7DC9C9
1503;126;201;251;Coast of Florida;x;#7EC9FB
1504;127;221;251;Sea of Sargassos;x;#7FDDFB
1505;0;252;252;Florida Straits;x;#00FCFC
1506;1;202;202;Apalachee Bay;x;#01CACA
1507;2;202;252;Mobile Bay;x;#02CAFC
1508;3;222;252;Galveston Bay;x;#03DEFC
1509;4;252;252;Tampico Bay;x;#04FCFC
1510;5;202;202;Yucatan Sea;x;#05CACA
1511;6;202;252;Gulf of Mexico;x;#06CAFC
1512;7;222;252;Yucatan Channel;x;#07DEFC
1513;8;252;252;Belize Bay;x;#08FCFC
1514;9;202;202;Moscitos Coast;x;#09CACA
1515;10;202;252;Gulf of Darien;x;#0ACAFC
1516;11;222;252;Jamica Channel;x;#0BDEFC
1517;12;252;252;Central Carribean;x;#0CFCFC
1518;13;202;202;Northwestern Carribean;x;#0DCACA
1519;14;202;252;Venezualan Gulf;x;#0ECAFC
1520;15;222;252;Venezuelan Sea;x;#0FDEFC
1521;16;252;252;Eastern Carribean;x;#10FCFC
1522;17;202;202;Windward Islands;x;#11CACA
1523;18;202;252;Lesser Antilles;x;#12CAFC
1524;19;222;252;Turks & Caicos Sea;x;#13DEFC
1525;20;252;252;Coast of Cuba;x;#14FCFC
1526;21;202;202;Coast of Hispaniola;x;#15CACA
1527;22;202;252;Guyana Coast;x;#16CAFC
1528;23;222;252;Bay of Belem;x;#17DEFC
1529;24;252;252;Amazonas Gulf;x;#18FCFC
1530;25;202;202;Coast of Brazil;x;#19CACA
1531;26;202;252;Coast of Recife;x;#1ACAFC
1532;27;222;252;Coast of Pernambuc;x;#1BDEFC
1533;28;252;252;Todos Santos Bay;x;#1CFCFC
1534;29;202;202;Rio De Janeiro;x;#1DCACA
1535;30;202;252;Baia Parangua;x;#1ECAFC
1536;31;222;252;Rio De La Plata;x;#1FDEFC
1537;32;252;252;Bahia Blanca;x;#20FCFC
1538;33;202;202;Coast of Patagonia;x;#21CACA
1539;34;202;252;Magellan Strait;x;#22CAFC
1540;35;222;252;South Chilean Coast;x;#23DEFC
1541;36;252;252;Coast of Chile;x;#24FCFC
1542;37;202;202;Atacama Coast;x;#25CACA
1543;38;202;252;Arica Gulf;x;#26CAFC
1544;39;222;252;Arequipa Bay;x;#27DEFC
1545;40;252;252;Coast of Peru;x;#28FCFC
1546;41;202;202;Guayaguil Bay;x;#29CACA
1547;42;202;252;Coast of Ecuador;x;#2ACAFC
1548;43;222;252;Gulf of Panama;x;#2BDEFC
1549;44;252;252;Bay of Costa Rica;x;#2CFCFC
1550;45;202;202;Acapulco Bay;x;#2DCACA
1551;46;202;252;Manzazilla Bay;x;#2ECAFC
1552;47;222;252;Mazatlan Bay;x;#2FDEFC
1553;48;252;252;Gulf of California;x;#30FCFC
1554;49;202;202;Coast of Baja;x;#31CACA
1555;50;202;252;Coast of California;x;#32CAFC
1556;51;222;252;Santa Catalina Islands;x;#33DEFC
1557;52;252;252;Coast of Oregon;x;#34FCFC
1558;53;202;202;Coast of Columbia;x;#35CACA
1559;54;202;252;Hecate Strait;x;#36CAFC
1560;55;222;252;Gulf of Alaska;x;#37DEFC
1561;56;252;252;Coast of Alaska;x;#38FCFC
1562;57;202;202;Kuskowim Bay;x;#39CACA
1563;58;202;252;Hatton Bank;x;#3ACAFC
1564;59;222;252;Eastern Gibbs Fracture;x;#3BDEFC
1565;60;252;252;Western Gibbs Fracture;x;#3CFCFC
1566;61;202;202;Iberian Shelf;x;#3DCACA
1567;62;202;252;Sea of Azores;x;#3ECAFC
1568;63;222;252;Corner Seamounts;x;#3FDEFC
1569;64;252;252;New England Seamounts;x;#40FCFC
1570;65;202;202;Sable Island Bank;x;#41CACA
1571;66;202;252;Blake Plataeu;x;#42CAFC
1572;67;222;252;West Bermuda Sea;x;#43DEFC
1573;68;252;252;East Bermuda Sea;x;#44FCFC
1574;69;202;202;Some Funny Seaname;x;#45CACA
1575;70;202;252;Northern Guiana Basin;x;#46CAFC
1576;71;222;252;Guiana Basin;x;#47DEFC
1577;72;252;252;Southern Guiana Basin;x;#48FCFC
1578;73;202;202;Canary Approach;x;#49CACA
1579;74;202;252;Cap Verde Approach;x;#4ACAFC
1580;75;222;252;Central Atlantic #1;x;#4BDEFC
1581;76;252;252;Central Atlantic #2;x;#4CFCFC
1582;77;202;202;Central Atlantic #3;x;#4DCACA
1583;78;202;252;Central Atlantic #4;x;#4ECAFC
1584;79;222;252;Romanche Gap;x;#4FDEFC
1585;80;252;252;East Guinea Basin;x;#50FCFC
1586;81;202;202;West Guinea Basin;x;#51CACA
1587;82;202;252;Coast of Falklands;x;#52CAFC
1588;83;222;252;New Georgia Islands;x;#53DEFC
1589;84;252;252;Western Atlantic #1;x;#54FCFC
1590;85;202;202;Western Atlantic #2;x;#55CACA
1591;86;202;252;Western Atlantic #3;x;#56CAFC
1592;87;222;252;Western Atlantic #4;x;#57DEFC
1593;88;252;252;Western Atlantic #5;x;#58FCFC
1594;89;202;202;Western Atlantic #6;x;#59CACA
1595;90;202;252;East of Magellans;x;#5ACAFC
1596;91;222;252;Central Atlantic #5;x;#5BDEFC
1597;92;252;252;Central Atlantic #6;x;#5CFCFC
1598;93;202;202;Central Atlantic #7;x;#5DCACA
1599;94;202;252;Central Atlantic #8;x;#5ECAFC
1600;95;222;252;Eastern Atlantic #1;x;#5FDEFC
1601;96;252;252;Eastern Atlantic #2;x;#60FCFC
1602;97;202;202;Eastern Atlantic #3;x;#61CACA
1603;98;202;252;Eastern Atlantic #4;x;#62CAFC
1604;99;222;252;Eastern Atlantic #5;x;#63DEFC
1605;100;252;252;Eastern Atlantic #6;x;#64FCFC
1606;101;202;202;Southern Atlantic #1;x;#65CACA
1607;102;202;252;Southern Atlantic #2;x;#66CAFC
1608;103;222;252;Southern Atlantic #3;x;#67DEFC
1609;104;252;252;Southern Atlantic #4;x;#68FCFC
1610;105;202;202;Cape of Storms;x;#69CACA
1611;106;202;252;Gulf of Bengal;x;#6ACAFC
1612;107;222;252;Northen Bay of Bengal;x;#6BDEFC
1613;108;252;252;Southern Bay of Bengal;x;#6CFCFC
1614;109;202;202;Ceylon Sea;x;#6DCACA
1615;110;202;252;Coast of Maldives;x;#6ECAFC
1616;111;222;252;Indian Ocean #1;x;#6FDEFC
1617;112;252;252;Indian Ocean #2;x;#70FCFC
1618;113;202;202;Indian Ocean #3;x;#71CACA
1619;114;202;252;Indian Ocean #4;x;#72CAFC
1620;115;222;252;Indian Ocean #5;x;#73DEFC
1621;116;252;252;Indian Ocean #6;x;#74FCFC
1622;117;202;202;Indian Ocean #7;x;#75CACA
1623;118;202;252;Indian Ocean #8;x;#76CAFC
1624;119;222;252;Indian Ocean #9;x;#77DEFC
1625;120;252;252;Indian Ocean #10;x;#78FCFC
1626;121;202;202;Indian Ocean #11;x;#79CACA
1627;122;202;252;Indian Ocean #12;x;#7ACAFC
1628;123;222;252;Indian Ocean #13;x;#7BDEFC
1629;124;252;252;Indian Ocean #14;x;#7CFCFC
1630;125;202;202;Indian Ocean #15;x;#7DCACA
1631;126;202;252;Indian Ocean #16;x;#7ECAFC
1632;127;222;252;Indian Ocean #17;x;#7FDEFC
1633;0;253;253;Indian Ocean #18;x;#00FDFD
1634;1;203;203;Indian Ocean #19;x;#01CBCB
1635;2;203;253;Indian Ocean #20;x;#02CBFD
1636;3;223;253;Indian Ocean #21;x;#03DFFD
1637;4;253;253;Indian Ocean #22;x;#04FDFD
1638;5;203;203;Indian Ocean #23;x;#05CBCB
1639;6;203;253;Indian Ocean #24;x;#06CBFD
1640;7;223;253;Indian Ocean #25;x;#07DFFD
1641;8;253;253;Indian Ocean #26;x;#08FDFD
1642;9;203;203;Indian Ocean #27;x;#09CBCB
1643;10;203;253;Indian Ocean #28;x;#0ACBFD
1644;11;223;253;Indian Ocean #29;x;#0BDFFD
1645;12;253;253;Indian Ocean #30;x;#0CFDFD
1646;13;203;203;Indian Ocean #31;x;#0DCBCB
1647;14;203;253;Indian Ocean #32;x;#0ECBFD
1648;15;223;253;Lake Tchad;x;#0FDFFD
1649;16;253;253;Lake Victoria;x;#10FDFD
1650;17;203;203;Lake Tangayika;x;#11CBCB
1651;18;203;253;Lake Malawi;x;#12CBFD
1652;19;223;253;White Sea;x;#13DFFD
1653;20;253;253;Lake Balchasj;x;#14FDFD
1654;21;203;203;Lake Bajkal;x;#15CBCB
1655;22;203;253;Poyang Lake;x;#16CBFD
1656;23;223;253;Lake Titicaca;x;#17DFFD
1657;24;253;253;Lake Nicaragua;x;#18FDFD
1658;25;203;203;Everglades;x;#19CBCB
1659;26;203;253;Lake Ontario;x;#1ACBFD
1660;27;223;253;Lake Erie;x;#1BDFFD
1661;28;253;253;Lake Huron;x;#1CFDFD
1662;29;203;203;Lake Michigan;x;#1DCBCB
1663;30;203;253;Lake Superior;x;#1ECBFD
1664;31;223;253;Lake Nipigon;x;#1FDFFD
1665;32;253;253;Lake Winnipeg;x;#20FDFD
1666;33;203;203;Western Pacific #1;x;#21CBCB
1667;34;203;253;Western Pacific #2;x;#22CBFD
1668;35;223;253;Western Pacific #3;x;#23DFFD
1669;36;253;253;Western Pacific #4;x;#24FDFD
1670;37;203;203;Western Pacific #5;x;#25CBCB
1671;38;203;253;Western Pacific #6;x;#26CBFD
1672;39;223;253;Western Pacific #7;x;#27DFFD
1673;40;253;253;Western Pacific #8;x;#28FDFD
1674;41;203;203;Western Pacific #9;x;#29CBCB
1675;42;203;253;Western Pacific #10;x;#2ACBFD
1676;43;223;253;Western Pacific #11;x;#2BDFFD
1677;44;253;253;Northern Pacific #1;x;#2CFDFD
1678;45;203;203;Northern Pacific #2;x;#2DCBCB
1679;46;203;253;Northern Pacific #3;x;#2ECBFD
1680;47;223;253;Northern Pacific #4;x;#2FDFFD
1681;48;253;253;Northern Pacific #5;x;#30FDFD
1682;49;203;203;Northern Pacific #6;x;#31CBCB
1683;50;203;253;Northern Pacific #7;x;#32CBFD
1684;51;223;253;Northern Pacific #8;x;#33DFFD
1685;52;253;253;Northern Pacific #9;x;#34FDFD
1686;53;203;203;Northern Pacific #10;x;#35CBCB
1687;54;203;253;Central Pacific #1;x;#36CBFD
1688;55;223;253;Central Pacific #2;x;#37DFFD
1689;56;253;253;Central Pacific #3;x;#38FDFD
1690;57;203;203;Central Pacific #4;x;#39CBCB
1691;58;203;253;Central Pacific #5;x;#3ACBFD
1692;59;223;253;Central Pacific #6;x;#3BDFFD
1693;60;253;253;Central Pacific #7;x;#3CFDFD
1694;61;203;203;Central Pacific #8;x;#3DCBCB
1695;62;203;253;Central Pacific #9;x;#3ECBFD
1696;63;223;253;Central Pacific #10;x;#3FDFFD
1697;64;253;253;Coast of Hawaii;x;#40FDFD
1698;65;203;203;Central Pacific #11;x;#41CBCB
1699;66;203;253;Central Pacific #12;x;#42CBFD
1700;67;223;253;Eastern Pacific #1;x;#43DFFD
1701;68;253;253;Eastern Pacific #2;x;#44FDFD
1702;69;203;203;Eastern Pacific #3;x;#45CBCB
1703;70;203;253;Eastern Pacific #4;x;#46CBFD
1704;71;223;253;Eastern Pacific #5;x;#47DFFD
1705;72;253;253;Eastern Pacific #6;x;#48FDFD
1706;73;203;203;Eastern Pacific #7;x;#49CBCB
1707;74;203;253;Eastern Pacific #8;x;#4ACBFD
1708;75;223;253;Eastern Pacific #9;x;#4BDFFD
1709;76;253;253;Eastern Pacific #10;x;#4CFDFD
1710;77;203;203;Eastern Pacific #11;x;#4DCBCB
1711;78;203;253;Eastern Pacific #12;x;#4ECBFD
1712;79;223;253;Eastern Pacific #13;x;#4FDFFD
1713;80;253;253;Eastern Pacific #14;x;#50FDFD
1714;81;203;203;Eastern Pacific #15;x;#51CBCB
1715;82;203;253;Eastern Pacific #16;x;#52CBFD
1716;83;223;253;Eastern Pacific #17;x;#53DFFD
1717;85;203;203;Southern Pacifc #1;x;#55CBCB
1718;86;203;253;Southern Pacifc #2;x;#56CBFD
1719;87;223;253;Southern Pacifc #3;x;#57DFFD
1720;88;253;253;Southern Pacifc #4;x;#58FDFD
1721;89;203;203;Southern Pacifc #5;x;#59CBCB
1722;90;203;253;Southern Pacifc #6;x;#5ACBFD
1723;91;223;253;Southern Pacifc #7;x;#5BDFFD
1724;92;253;253;Southern Pacifc #8;x;#5CFDFD
1725;93;203;203;Southern Pacifc #9;x;#5DCBCB
1726;94;203;253;Southern Pacifc #10;x;#5ECBFD
1727;95;223;253;Southern Pacifc #11;x;#5FDFFD
1728;96;253;253;Southern Pacifc #12;x;#60FDFD
1729;97;203;203;Southern Pacifc #13;x;#61CBCB
1730;98;203;253;Southern Pacifc #14;x;#62CBFD
1731;99;223;253;Southern Pacifc #15;x;#63DFFD
1732;100;253;253;Southern Pacifc #16;x;#64FDFD
1733;101;203;203;Southern Pacifc #17;x;#65CBCB
1734;102;203;253;Southern Pacifc #18;x;#66CBFD
1735;103;223;253;Southern Pacifc #19;x;#67DFFD
1736;104;203;203;Southern Pacifc #20;x;#68CBCB
1737;106;203;253;Southern Pacifc #22;x;#6ACBFD
1738;107;223;253;Southern Pacifc #23;x;#6BDFFD
1739;108;253;253;Southern Pacifc #24;x;#6CFDFD
1740;109;203;203;Southern Pacifc #25;x;#6DCBCB
1741;110;203;253;Southern Pacifc #26;x;#6ECBFD
1742;66;68;126;Limburg;x;#42447E
1743;194;70;173;Cambray;x;#C246AD
1744;66;72;32;Antwerpen;x;#424820
1745;195;74;79;Cantabria;x;#C34A4F
1746;67;76;126;Burgos;x;#434C7E
1747;195;78;173;Caceres;x;#C34EAD
1748;67;80;32;La Mancha;x;#435020
1749;195;82;79;Cadiz;x;#C3524F
1750;67;84;126;Alicante;x;#43547E
1751;195;86;173;Ceuta;x;#C356AD
1752;68;88;32;Rzhev;x;#445820
1753;196;90;79;Kostroma;x;#C45A4F
1754;68;92;126;Orel;x;#445C7E
1755;196;94;173;Ustyug;x;#C45EAD
1756;68;96;32;Budjak;x;#446020
1757;196;98;79;Oberpfalz;x;#C4624F
1758;68;100;126;Hannover;x;#44647E
1759;197;102;173;Potsdam;x;#C566AD
1760;69;104;32;Koblenz;x;#456820
1761;197;106;79;Alzey;x;#C56A4F
1762;69;108;126;Kassel;x;#456C7E
1763;197;110;173;Niederlausitz;x;#C56EAD
1764;69;112;32;Burgas;x;#457020
1765;197;114;79;Nis;x;#C5724F
1766;70;116;126;Kosovo;x;#46747E
1767;198;118;173;Osijek;x;#C676AD
1768;70;120;32;Lienz;x;#467820
1769;198;122;79;Görz;x;#C67A4F
1770;70;124;126;Ostmarch;x;#467C7E
1771;198;126;173;Erz;x;#C67EAD
1772;70;128;32;Presburg;x;#468020
1773;199;130;79;Achaea;x;#C7824F
1774;71;132;126;Treviso;x;#47847E
1775;199;134;173;Holstein;x;#C786AD
1776;71;136;32;Karelia;x;#478820
1777;199;138;79;Kola;x;#C78A4F
1778;71;140;126;Kasimov;x;#478C7E
1779;199;142;173;Rub' al Khali;x;#C78EAD
1780;72;144;32;Komi;x;#489020
1781;200;146;79;Western Siberia;x;#C8924F
1782;72;148;126;Eastern Siberia;x;#48947E
1783;200;150;173;Koryak;x;#C896AD
1784;72;152;32;Tiam Shan;x;#489820
1785;200;154;79;Karakoram;x;#C89A4F
1786;72;156;126;Takla Makan;x;#489C7E
1787;201;158;173;Himalaya;x;#C99EAD
1788;73;32;32;Arunachal;x;#492020
1789;201;34;79;Maoke;x;#C9224F
1790;73;36;126;Western Australia;x;#49247E
1791;201;38;173;Central Australia;x;#C926AD
1792;201;42;79;Merina;x;#C92A4F
1793;74;44;126;El Djouf;x;#4A2C7E
1794;202;46;173;Central Sahara;x;#CA2EAD
1795;74;48;32;East Sahara;x;#4A3020
1796;202;50;79;Central Africa;x;#CA324F
1797;74;52;126;Inner Kongo;x;#4A347E
1798;202;54;173;Imatong;x;#CA36AD
1799;74;56;32;Urgoma;x;#4A3820
1800;203;58;79;Limpopo;x;#CB3A4F
1801;75;60;126;Kalahari;x;#4B3C7E
1802;203;62;173;Northern Amazonas;x;#CB3EAD
1803;75;64;32;Southern Amazonas;x;#4B4020
1804;203;66;79;Greenland;x;#CB424F
1805;75;68;126;Québec;x;#4B447E
1806;203;70;173;Weagamow;x;#CB46AD
1807;76;72;32;Baffin Island;x;#4C4820
1808;204;74;79;Great Basin;x;#CC4A4F
1809;76;76;126;Great Plains;x;#4C4C7E
1810;204;78;173;Alaska;x;#CC4EAD
1811;76;80;32;Nunavut;x;#4C5020
1812;204;82;79;Northwest Territories;x;#CC524F
1813;76;84;126;Saskatchewan;x;#4C547E
1814;205;86;173;Columbia;x;#CD56AD
1815;77;88;32;Ayeyarwady;x;#4D5820
1816;205;90;79;Hejian;x;#CD5A4F
1817;77;92;126;Nan;x;#4D5C7E
1818;205;94;173;Chikuzen;x;#CD5EAD
1819;77;96;32;Tosa;x;#4D6020
1820;205;98;79;Awa;x;#CD624F
1821;78;100;126;Nanjing;x;#4E647E
1822;206;102;173;Shangai;x;#CE66AD
1823;78;104;32;Stung Treng;x;#4E6820
1824;206;106;79;Wenzhou;x;#CE6A4F
1825;78;108;126;Aki;x;#4E6C7E
1826;206;110;173;Lika;x;#CE6EAD
1827;78;112;32;Raska;x;#4E7020
1828;207;114;79;Soli;x;#CF724F
1829;79;116;126;Xiamen;x;#4F747E
1830;207;118;173;Tajima;x;#CF76AD
1831;79;120;32;Travunia;x;#4F7820
1832;207;122;79;Yamato;x;#CF7A4F
1833;79;124;126;Ji'an;x;#4F7C7E
1834;207;126;173;Dorpat;x;#CF7EAD
1835;80;128;32;Mino;x;#508020
1836;208;130;79;Nanyang;x;#D0824F
1837;80;132;126;Etchu;x;#50847E
1838;208;134;173;Hefei;x;#D086AD
1839;80;136;32;Totomi;x;#508820
1840;208;138;79;Guilin;x;#D08A4F
1841;80;140;126;Marienburg;x;#508C7E
1842;209;142;173;Narva;x;#D18EAD
1843;81;144;32;Kozuke;x;#519020
1844;209;146;79;Xiankhouang;x;#D1924F
1845;81;148;126;Pyeongyang;x;#51947E
1846;209;150;173;Amasya;x;#D196AD
1847;81;152;32;Shiribeshi;x;#519820
1848;209;154;79;Hamid;x;#D19A4F
1849;82;156;126;Hama;x;#529C7E
1850;210;158;173;Mudanjiang;x;#D29EAD
1851;82;32;32;Ribatejo;x;#522020
1852;210;34;79;Tokachi;x;#D2224F
1853;82;36;126;Kozani;x;#52247E
1854;210;38;173;Jaffa;x;#D226AD
1855;82;40;32;Sidon;x;#522820
1856;211;42;79;Abkhazia;x;#D32A4F
1857;83;44;126;Lauenburg;x;#532C7E
1858;211;46;173;Stettin;x;#D32EAD
1859;83;48;32;Torun;x;#533020
1860;211;50;79;Norfolk;x;#D3324F
1861;83;52;126;Derby;x;#53347E
1862;211;54;173;Cremona;x;#D336AD
1863;84;56;32;Graz;x;#543820
1864;212;58;79;Somogy;x;#D43A4F
1865;84;60;126;Ghent;x;#543C7E
1866;212;62;173;Namur ;x;#D43EAD
1867;84;64;32;Freiburg;x;#544020
1868;212;66;79;Augsburg;x;#D4424F
1869;84;68;126;Zürich;x;#54447E
1870;213;70;173;S:t Gallen;x;#D546AD
1871;85;72;32;Wallis;x;#554820
1872;86;84;126;Ulm;x;#56547E
1873;85;76;126;Chur;x;#554C7E
1874;213;78;173;Bremen;x;#D54EAD
1875;142;110;192;Turin;x;#8E6EC0
1876;213;82;79;Frankfurt;x;#D5524F
1877;86;92;126;Charolais;x;#565C7E
1878;214;86;173;Aachen;x;#D656AD
1879;86;88;32;Alencon;x;#565820
1880;214;90;79;Sundgau;x;#D65A4F
1881;213;74;79;St. Barthélemy;x;#D54A4F
1882;214;94;173;Bône;x;#D65EAD
1883;0;0;232;Western Finish lakes;x;#0000E8
1884;1;0;236;East Finish lakes;x;#0100EC
1885;2;0;240;Central finish lakes;x;#0200F0
1886;3;0;244;Storavan;x;#0300F4
1887;4;0;248;Storsjon;x;#0400F8
1888;5;0;232;Kara Sea;x;#0500E8
1889;6;0;236;Lake geneva;x;#0600EC
1890;7;0;240;Bodensee;x;#0700F0
1891;8;0;244;Tuz Gola;x;#0800F4
1892;9;0;248;Lake Van;x;#0900F8
1893;10;0;232;Lake Daryacheh;x;#0A00E8
1894;11;0;236;Sevan Lake;x;#0B00EC
1895;12;0;240;Lake Taihu;x;#0C00F0
1896;13;0;244;Lake Hongze;x;#0D00F4
1897;14;0;248;Dongting;x;#0E00F8
1898;15;0;232;Tonie Sap Lake;x;#0F00E8
1899;16;0;236;Tana lake;x;#1000EC
1900;17;0;240;Lake Turkana;x;#1100F0
1901;81;104;191;Mpangu;x;#5168BF
1902;19;0;248;Lake Poopo;x;#1300F8
1903;20;0;232;Lake Champlain;x;#1400E8
1904;21;0;236;Lac Saint Jean;x;#1500EC
1905;22;0;240;Lac Manicouagan;x;#1600F0
1906;23;0;244;Lac Michikamau;x;#1700F4
1907;24;0;248;Lac Bienville;x;#1800F8
1908;25;0;232;Lac Al Eau Claire;x;#1900E8
1909;26;0;236;Lac Minto;x;#1A00EC
1910;27;0;240;La Grande Riviere;x;#1B00F0
1911;28;0;244;Lake Island;x;#1C00F4
1912;29;0;248;Lake Reindeer;x;#1D00F8
1913;30;0;232;Wollaston Lake;x;#1E00E8
1914;31;0;236;Great Slave Lake;x;#1F00EC
1915;32;0;240;Lake Athabasca;x;#2000F0
1916;33;0;244;Dubawni Lake;x;#2100F4
1917;34;0;248;Yathkyed Lake;x;#2200F8
1918;35;0;232;Kasba Lake;x;#2300E8
1919;36;0;236;Nueltin Lake;x;#2400EC
1920;37;0;240;Wholdaia Lake;x;#2500F0
1921;38;0;244;Peter Pond Lake;x;#2600F4
1922;39;0;248;Great salt lake;x;#2700F8
1923;40;0;232;Williston Lake;x;#2800E8
1924;62;206;252;Greenland tip;x;#3ECEFC
1925;225;191;200;Tana;x;#E1BFC8
1926;62;230;252;Northern baltic sea;x;#3EE6FC
1927;62;218;252;Eastern baltic sea;x;#3EDAFC
1928;62;234;252;Western Alands sea;x;#3EEAFC
1929;62;210;252;Western Norwegian Sea;x;#3ED2FC
1930;237;154;79;Åland;x;#ED9A4F
1931;130;60;50;East Frisia;x;#823C32
1932;49;150;248;Gulf of Satalia;x;#3196F8
1933;50;0;232;Bari;x;#3200E8
1934;251;0;36;Lucania;x;#FB0024
1935;52;0;240;Semigallia;x;#3400F0
1936;55;0;0;Kovno;x;#370000
1937;65;0;250;Grodno;x;#4100FA
1938;75;0;25;Wizna;x ;#4B0019
1939;85;0;225;Leczyca;x;#5500E1
1940;95;0;50;Belz;x;#5F0032
1941;105;0;200;Turov;x;#6900C8
1942;110;0;75;Zhytomyr;x;#6E004B
1943;115;0;175;Bratslav;x;#7300AF
1944;120;0;100;Cherkasy;x;#780064
1945;125;0;150;Novgorod-Seversky;x;#7D0096
1946;63;0;244;Desh;x;#3F00F4
1947;64;0;248;Gingee;x;#4000F8
1948;65;0;232;Bidar;x;#4100E8
1949;66;0;236;Tirupati;x;#4200EC
1950;67;0;240;Meghalaya;x;#4300F0
1951;68;0;244;Hunyad;x;#4400F4
1952;69;0;248;Maramaros;x;#4500F8
1953;70;0;232;Szabolcs;x;#4600E8
1954;71;0;236;Torontal;x;#4700EC
1955;172;146;192;Kholmogory;x;#AC92C0
1956;73;0;244;Suzdal;x;#4900F4
1957;74;0;248;Galich;x;#4A00F8
1958;75;0;232;Kargopol;x;#4B00E8
1959;76;0;236;Torzhok;x;#4C00EC
1960;77;0;240;Ostrov;x;#4D00F0
1961;78;0;244;Ladoga;x;#4E00F4
1962;79;0;248;Kudymkar;x;#4F00F8
1963;80;0;232;Cherdyn;x;#5000E8
1964;81;0;236;Ust-Sysolsk;x;#5100EC
1965;88;116;126;Buzuluk;x;#58747E
1966;216;118;173;Chelyaba;x;#D876AD
1967;217;126;173;Khujand;x;#D97EAD
1968;89;128;32;Kulob;x;#598020
1969;216;122;79;Sozak;x;#D87A4F
1970;88;120;32;Syghnak;x;#587820
1971;88;112;32;Tsaritsyn;x;#587020
1972;216;114;79;Udmurtia;x;#D8724F
1973;88;124;126;Urgench;x;#587C7E
1974;215;110;173;Yedishkul;x;#D76EAD
1975;105;225;255;Sea of Jutland;x;#69E1FF
1976;93;0;244;Dead Sea;x;#5D00F4
1977;94;0;248;Mälaren;x;#5E00F8
1978;95;0;232;Shetlands;x;#5F00E8
1979;96;0;236;Färöarnax;x;#6000EC
1980;136;253;253;Sea of Japan;x;#88FDFD
1981;98;0;244;Bornholm;x;#6200F4
1982;99;0;248;Blekinge;x;#6300F8
1983;100;0;232;Lolland;x;#6400E8
1984;101;0;236;Nordjylland;x;#6500EC
1985;102;240;0;Närke;x;#66F000
1986;103;0;244;New Caledonia;x;#6700F4
1987;104;0;248;Society Islands;x;#6800F8
1988;105;0;232;Rapa Nui;x;#6900E8
1989;106;0;236;Tonga;x;#6A00EC
1990;107;0;240;Tuvalu;x;#6B00F0
1991;108;0;244;Gilbert Islands;x;#6C00F4
1992;109;0;248;Nauru;x;#6D00F8
1993;110;0;232;Marshall Islands;x;#6E00E8
1994;111;0;236;Wake;x;#6F00EC
1995;112;0;240;Micronesia;x;#7000F0
1996;113;0;244;Palau;x;#7100F4
1997;114;0;248;Midway;x;#7200F8
1998;115;0;232;Christmas Island;x;#7300E8
1999;116;0;236;Cocos Island;x;#7400EC
2000;60;221;221;Qinghai Lake;x;#3CDDDD
2001;95;200;200;Siling Lake;x;#5FC8C8
2002;200;135;255;Galápagos Islands;x;#C887FF
2003;120;2;232;Ktunaxa;X;#7802E8
2004;125;4;236;Niitsitapi;x;#7D04EC
2005;130;8;240;Asinaan;x;#8208F0
2006;135;16;244;Apsáalooke;x;#8710F4
2007;140;32;248;Arikara;x;#8C20F8
2008;145;64;232;Yankton;x;#9140E8
2009;150;128;236;Teton;x;#9680EC
2010;55;1;80;Connecticut;x;#370150
2011;155;2;120;Shenandoah;x;#9B0278
2012;105;3;160;Arsigantegok;x;#6903A0
2013;75;4;40;Kennebec;x;#4B0428
2014;105;6;160;Natchitoches;x;#6906A0
2015;65;7;40;Nipigon;x;#410728
2016;155;8;120;Bungi;x;#9B0878
2017;105;9;160;Nehiyawewin;x;#6909A0
2018;55;10;40;Tsuutina;x;#370A28
2019;105;11;120;Nimiipu;x;#690B78
2020;155;12;160;Bannock;x;#9B0CA0
2021;25;13;70;Miwok;x;#190D46
2022;155;5;120;Haida;x;#9B0578
2023;55;14;120;Munsee;x;#370E78
2024;255;15;160;Ajiraan;x;#FF0FA0
2025;255;16;40;South Georgia;x;#FF1028
2026;255;17;120;Tanjore;x;#FF1178
2027;230;18;160;Arcot;x;#E612A0
2028;255;19;90;Mahur;x;#FF135A
2029;255;20;120;South Kanara;x;#FF1478
2030;255;21;160;Goa;x;#FF15A0
2031;16;134;155;Morasanadu;x;#10869B
2032;16;245;155;Malenadu;x;#10F59B
2033;188;164;69;Savanaur;x;#BCA445
2034;255;120;0;Pune;x;#FF7800
2035;81;148;103;Gulbarga;x;#519467
2036;156;172;45;Baglana;x;#9CAC2D
2037;205;119;117;Warangal;x;#CD7775
2038;213;157;165;Midnapore;x;#D59DA5
2039;213;242;165;Sunderbans;x;#D5F2A5
2040;84;237;87;Sadiya;x;#54ED57
2041;64;189;3;Manipur;x;#40BD03
2042;246;92;62;Koch Hajo;x;#F65C3E
2043;0;225;69;Balasore;x;#00E145
2044;181;16;160;Bhagalpur;x;#B510A0
2045;53;124;86;Rangpur;x;#357C56
2046;193;131;23;Nasirabad;x;#C18317
2047;85;160;133;Tirhut;x;#55A085
2048;198;203;170;Garjat;x;#C6CBAA
2049;73;18;169;Khurda;x;#4912A9
2050;184;70;8;Chanda;x;#B84608
2051;215;241;160;Bhavnagar;x;#D7F1A0
2052;122;234;32;Navanagar;x;#7AEA20
2053;225;142;66;Patan;x;#E18E42
2054;156;201;151;Ahmadabad;x;#9CC997
2055;156;201;221;Gorakhpur;x;#9CC9DD
2056;156;61;221;Rewakantha;x;#9C3DDD
2057;75;190;64;Bhelsa;x;#4BBE40
2058;231;98;182;Mewar;x;#E762B6
2059;237;96;10;Kalpi;x;#ED600A
2060;255;192;227;Upper Doab;x;#FFC0E3
2061;255;192;0;Katehar;x;#FFC000
2062;193;76;178;Panipat;x;#C14CB2
2063;152;160;243;Etawah;x;#98A0F3
2064;202;218;255;Shekhawati;x;#CADAFF
2065;53;215;217;Batthiana;x;#35D7D9
2066;116;145;119;Nagaur;x;#749177
2067;212;53;53;Gorwar;x;#D43535
2068;72;225;192;Siwistan;x;#48E1C0
2069;187;154;212;Kumaon;x;#BB9AD4
2070;123;181;72;Chaubisi Rajas;x;#7BB548
2071;234;189;93;Limbuwan;x;#EABD5D
2072;96;229;237;Bhakkar;x;#60E5ED
2073;154;192;44;Baltistan;x;#9AC02C
2074;151;175;205;Ladakh;x;#97AFCD
2075;0;18;255;Doaba;x;#0012FF
2076;0;194;255;Sialkot;x;#00C2FF
2077;224;140;221;Margalla;x;#E08CDD
2078;32;140;221;Bannu;x;#208CDD
2079;132;140;221;Dera Ghazi Khan;x;#848CDD
2080;219;108;9;Srikakulam;x;#DB6C09
2081;142;80;134;Lakhnor;x;#8E5086
2082;17;138;94;Raipur;x;#118A5E
2083;205;86;82;Kosta;x;#CD5652
2084;193;0;241;Konaseema;x;#C100F1
2085;161;165;225;Tiruchirapalli;x;#A1A5E1
2086;197;225;191;Cholistan;x;#C5E1BF
2087;224;213;178;Ajmer;x;#E0D5B2
2088;66;156;186;Umarkot;x;#429CBA
2089;81;142;66;Chaul;x;#518E42
2090;154;52;179;Rayalaseema;x;#9A34B3
2091;145;33;11;Tripura;x;#91210B
2092;170;185;212;Mahadeo;x;#AAB9D4
2093;230;190;64;Mandsaur;x;#E6BE40
2094;78;155;191;Bahreich;x;#4E9BBF
2095;222;94;94;Varanasi;x;#DE5E5E
2096;210;243;194;Damin;x;#D2F3C2
2097;95;101;222;Baghelkhand;x;#5F65DE
2098;148;136;138;Surguja;x;#94888A
2099;193;207;44;Kandy;x;#C1CF2C
2100;195;123;121;Vanni;x;#C37B79
2101;186;239;22;Tirunelveli;x;#BAEF16
2102;215;191;26;Urkan;x;#D7BF1A
2103;103;132;224;Udi;x;#6784E0
2104;104;136;64;Birija;x;#688840
2105;105;148;160;Kuru;x;#6994A0
2106;105;162;80;Furdan;x;#69A250
2107;104;158;240;Ningguta;x;#689EF0
2108;100;98;144;Huncun;x;#646290
2109;100;90;80;Boduna;x;#645A50
2110;99;86;240;Yehe;x;#6356F0
2111;199;223;102;Hetu Ala;x;#C7DF66
2112;115;210;143;Andong;x;#73D28F
2113;193;133;132;Gaizhou;x;#C18584
2114;106;172;160;Ereen;x;#6AACA0
2115;107;180;224;Chahar;x;#6BB4E0
2116;108;206;240;Ih Huree;x;#6CCEF0
2117;219;224;124;Zasagt;x;#DBE07C
2118;116;102;240;Urzhar;x;#7466F0
2119;114;56;64;Chuguchak;x;#723840
2120;114;115;55;Ili;x;#727337
2121;112;32;64;Kuqa;x;#702040
2122;111;244;160;Hami;x;#6FF4A0
2123;111;254;240;Qakilik;x;#6FFEF0
2124;115;78;240;Yarkand;x;#734EF0
2125;115;86;112;Kochkor;x;#735670
2126;155;139;47;Chuy;x;#9B8B2F
2127;115;82;80;Yashilkul;x;#735250
2128;123;184;128;Ngari;x;#7BB880
2129;122;174;240;Changtang;x;#7AAEF0
2130;121;152;64;Nyingchi;x;#799840
2131;196;187;21;Qamdo;x;#C4BB15
2132;119;138;144;Markam;x;#778A90
2133;118;126;240;Dege;x;#767EF0
2134;119;120;192;Rebgong;x;#7778C0
2135;118;130;80;Garze;x;#768250
2136;124;210;144;Xuanhua;x;#7CD290
2137;143;75;75;Daming;x;#8F4B4B
2138;86;118;240;Wuding;x;#5676F0
2139;145;24;24;Laizhou;x;#911818
2140;238;254;148;Yanzhou;x;#EEFE94
2141;107;218;111;Xuzhou;x;#6BDA6F
2142;84;80;128;Huai'an;x;#545080
2143;190;53;53;Fengyang;x;#BE3535
2144;82;62;176;Fuyang;x;#523EB0
2145;185;51;51;Zhenjiang;x;#B93333
2146;185;197;39;Ningguo;x;#B9C527
2147;150;42;42;Huizhou;x;#962A2A
2148;41;150;61;Shaoxin;x;#29963D
2149;121;54;54;Ningbo;x;#793636
2150;69;102;64;Jinhua;x;#456640
2151;131;100;35;Poyang;x;#836423
2152;144;37;37;Jianning;x;#902525
2153;67;84;112;Tingzhou;x;#435470
2154;233;216;92;Kelang;x;#E9D85C
2155;97;44;96;Middag;x;#612C60
2156;146;81;81;Chaochow;x;#925151
2157;65;52;224;Waichow;x;#4134E0
2158;65;46;176;Shiukwan;x;#412EB0
2159;64;44;160;Leichow;x;#402CA0
2160;65;34;80;Ngaichow;x;#412250
2161;64;32;64;Limchow;x;#402040
2162;68;78;64;Ngchow;x;#444E40
2163;67;62;128;Liuzhou;x;#433E80
2164;67;70;192;Namning;x;#4346C0
2165;255;216;0;Pu'er;x;#FFD800
2166;69;205;50;Dehong;x;#45CD32
2167;75;240;74;Lijiang;x;#4BF04A
2168;79;254;112;Bozhou;x;#4FFE70
2169;149;33;33;Langzhong;x;#952121
2170;90;182;176;Songqu;x;#5AB6B0
2171;153;57;57;Xiangyang;x;#993939
2172;81;48;64;Jingzhou;x;#513040
2173;0;36;255;Yuanling;x;#0024FF
2174;158;62;62;Hengyang;x;#9E3E3E
2175;171;198;23;Runing;x;#ABC617
2176;88;144;64;Shangqiu;x;#589040
2177;89;162;208;Ningwu;x;#59A2D0
2178;90;172;96;Lu'an;x;#5AAC60
2179;91;188;224;Yan'an;x;#5BBCE0
2180;79;246;240;Tianshui;x;#4FF6F0
2181;93;216;64;Pingliang;x;#5DD840
2182;95;236;224;Liangzhou;x;#5FECE0
2183;93;222;112;Taozhou;x;#5DDE70
2184;215;210;43;Xining;x;#D7D22B
2185;103;120;128;Mergen;x;#677880
2186;105;156;224;Iman;x;#699CE0
2187;106;164;96;Sartu;x;#6AA460
2188;100;102;176;Alchuka;x;#6466B0
2189;110;220;160;Tsetserleg;x;#6EDCA0
2190;205;158;124;Qaraqorum;x;#CD9E7C
2191;108;196;160;Ejin;x;#6CC4A0
2192;217;220;84;Korla;x;#D9DC54
2193;96;42;80;Govi;x;#602A50
2194;113;106;26;Kunlun;x;#716A1A
2195;255;18;160;Adyghe;x;#FF12A0
2196;255;19;40;Guria;x;#FF1328
2197;255;25;0;Cabardia;x;#FF1900
2198;255;126;40;Khundzia;x;#FF7E28
2199;255;200;150;Tarki;x;#FFC896
2200;243;202;12;Suleiman Range;x;#F3CA0C
2201;255;22;200;Alania;x;#FF16C8
2202;255;223;0;Melikates;x;#FFDF00
2203;255;23;23;Kakheti;x;#FF1717
2204;255;224;200;Samtskhe;x;#FFE0C8
2205;255;24;40;Nakhchivan;x;#FF1828
2206;255;225;120;Urmia;x;#FFE178
2207;255;125;200;Maragheh;x;#FF7DC8
2208;255;125;215;Terek;x;#FF7DD7
2209;255;24;90;Ilam;x;#FF185A
2210;187;165;22;Kirmanshah;x;#BBA516
2211;187;215;128;Ardalan;x;#BBD780
2212;60;143;34;Zanjan;x;#3C8F22
2213;187;205;22;Qom;x;#BBCD16
2214;81;81;192;Golestan;x;#5151C0
2215;187;24;90;Qazvin;x;#BB185A
2216;187;24;155;Semnan;x;#BB189B
2217;255;112;90;Yasuj;x;#FF705A
2218;165;72;84;Sarvestan;x;#A54854
2219;58;88;180;Bandar Langeh;x;#3A58B4
2220;81;81;255;Bam;x;#5151FF
2221;165;72;137;Mashhad;x;#A54889
2222;81;81;221;Ardakan;x;#5151DD
2223;215;50;155;Larestan;x;#D7329B
2224;190;44;0;Ferah;x;#BE2C00
2225;210;227;0;Bamyan;x;#D2E300
2226;90;187;34;Jalalabad;x;#5ABB22
2227;208;154;12;Kunduz;x;#D09A0C
2228;40;59;211;Maymana;x;#283BD3
2229;90;156;34;Bust;x;#5A9C22
2230;129;171;129;Chakhansur;x;#81AB81
2231;121;210;41;Bela;x;#79D229
2232;190;72;59;Kharan;x;#BE483B
2233;152;137;59;Western Makran;x;#98893B
2234;193;215;62;Rafsanjan;x;#C1D73E
2235;190;72;96;Sabzevar;x;#BE4860
2236;131;211;134;Bojnord;x;#83D386
2237;160;109;157;Tekrur;x;#A06D9D
2238;80;73;160;Kantor;x;#5049A0
2239;120;75;185;Siine;x ;#784BB9
2240;120;137;132;Galam;x;#788984
2241;200;111;182;Beafada;x;#C86FB6
2242;240;69;110;Karou;x;#F0456E
2243;80;135;107;Termes;x;#50876B
2244;160;139;157;Tagant;x;#A08B9D
2245;240;113;207;Wagadu;x;#F071CF
2246;40;115;232;Baghena;x;#2873E8
2247;80;117;83;Walata;x;#507553
2248;120;119;108;Do;x;#78776C
2249;160;151;133;Sibiridugu;x;#A09785
2250;160;77;210;Bendugu;x ;#A04DD2
2251;80;61;184;Bagoe;x ;#503DB8
2252;200;117;235;Lobi;x;#C875EB
2253;160;121;133;Gwiriko;x;#A07985
2254;240;125;232;Bonoman;x;#F07DE8
2255;40;127;183;Gyaaman;x;#287FB7
2256;40;139;159;Dagbon;x;#288B9F
2257;80;129;208;Denkyira;x;#5081D0
2258;120;131;233;Cape Coast;x;#7883E9
2259;160;133;84;Bara;x;#A08554
2260;200;79;235;Mema;x;#C84FEB
2261;160;115;210;Kala;x;#A073D2
2262;116;98;168;Karabara;x;#7462A8
2263;200;91;211;Haayre;x;#C85BD3
2264;200;135;109;Hombori;x;#C8876D
2265;240;119;86;Liptako;x;#F07756
2266;140;199;183;Bilanga;x;#8CC7B7
2267;240;137;134;Tenkodogo;x;#F08986
2268;40;83;11;Aribanda;x;#28530B
2269;200;147;85;Zarmaganda;x;#C89355
2270;40;121;11;Dallol;x;#28790B
2271;80;141;184;Azawagh;x;#508DB8
2272;160;127;186;Azbin;x;#A07FBA
2273;120;143;209;Ader;x;#788FD1
2274;160;145;234;Agades;x;#A091EA
2275;120;125;161;Tenere;x;#787DA1
2276;80;123;136;Itesan;x;#507B88
2277;240;161;86;Kawar;x ;#F0A156
2278;240;149;110;Kebbi;x ;#F0956E
2279;120;155;185;Daura;x;#789BB9
2280;160;157;210;Biram;x;#A09DD2
2281;200;159;235;Rano;x;#C89FEB
2282;40;151;135;Muniyo;x;#289787
2283;240;143;207;Bedde;x;#F08FCF
2284;160;89;186;Manga;x;#A059BA
2285;200;129;211;Marghi;x;#C881D3
2286;240;131;236;Logone;x;#F083EC
2287;40;163;11;Kotoko;x;#28A30B
2288;40;133;82;Yao;x;#288552
2289;40;71;135;Ondo;x ;#284787
2290;240;81;86;Ijebu;x;#F05156
2291;120;87;161;Ketu;x;#7857A1
2292;140;145;232;Moshi;x;#8C91E8
2293;200;141;182;Yawuri;x;#C88DB6
2294;200;153;158;Warri;x;#C8999E
2295;80;147;83;Atakora;x;#509353
2296;209;68;153;Biga;x;#D14499
2297;245;152;169;Saruhan;x;#F598A9
2298;255;230;147;Tekke;x;#FFE693
2299;226;231;102;Bolu;x;#E2E766
2300;198;68;153;Bozok;x;#C64499
2301;0;155;175;Kayseri;x;#009BAF
2302;187;186;222;Icel;x;#BBBADE
2303;167;163;54;Malatya;x;#A7A336
2304;157;36;128;Canik;x;#9D2480
2305;89;153;66;Erzincan;x;#599942
2306;184;183;51;Mush;x;#B8B733
2307;207;225;132;Van;x;#CFE184
2308;0;153;75;Urfa;x;#00994B
2309;132;41;144;Sinjar;x;#842990
2310;250;19;41;Tikrit;x;#FA1329
2311;51;130;63;Samawat;x;#33823F
2312;242;102;96;Wasit;x;#F26660
2313;181;181;52;Antioch;x;#B5B534
2314;49;11;71;Rahba;x;#310B47
2315;139;22;59;Suez;x;#8B163B
2316;4;24;61;Al Gharbia;x;#04183D
2317;149;201;61;Minya;x;#95C93D
2318;157;215;209;Bahariya;x;#9DD7D1
2319;206;231;202;Manfalut;x;#CEE7CA
2320;62;48;146;Ras Gharib;x;#3E3092
2321;203;185;45;Queseer;x;#CBB92D
2322;212;227;131;Wadi Halfa;x;#D4E383
2323;158;168;213;Sahra an Nubyah;x;#9EA8D5
2324;239;69;139;Halaib;x;#EF458B
2325;245;244;179;Tarrana;x;#F5F4B3
2326;178;31;114;Bardiyah;x;#B21F72
2327;154;216;222;Maan;x;#9AD8DE
2328;0;120;91;Tayma;x;#00785B
2329;101;125;54;Yanbu;x;#657D36
2330;59;82;37;Ma'din Sulaym;x;#3B5225
2331;250;203;224;Jeddah;x;#FACBE0
2332;188;228;233;Truba;x;#BCE4E9
2333;0;124;194;Abd al-Qays;x;#007CC2
2334;225;224;174;Badiyat ash Sham;x;#E1E0AE
2335;9;115;187;Dawasir;x;#0973BB
2336;238;16;102;Aflaj;x;#EE1066
2337;255;21;245;Buraydah;x;#FF15F5
2338;201;24;126;Hafar;x;#C9187E
2339;157;34;114;Yabrin;x;#9D2272
2340;91;4;48;Grane;x;#5B0430
2341;213;231;178;Sharqiyah;x;#D5E7B2
2342;56;16;31;Wusta;x;#38101F
2343;117;18;67;Hadramawt;x;#751243
2344;210;25;111;Marib;x;#D2196F
2345;240;238;129;Beihan;x;#F0EE81
2346;252;183;112;Jazan;x;#FCB770
2347;0;120;94;Hofuf;x;#00785E
2348;108;157;64;Chios;x;#6C9D40
2349;71;208;47;Kizil-Su;x;#47D02F
2350;151;50;205;Konjikala;x;#9732CD
2351;169;158;86;Shekty;x;#A99E56
2352;103;104;152;Alty-Kuduk;x;#676898
2353;57;202;53;Tortkara;x;#39CA35
2354;155;167;88;Shegendyk;x;#9BA758
2355;189;174;66;Narym;x;#BDAE42
2356;39;216;132;Shymkent;x;#27D884
2357;211;106;44;Aksary;x;#D36A2C
2358;179;181;74;Altyn;x;#B3B54A
2359;69;186;122;Baganaly;x;#45BA7A
2360;68;40;113;Tobykty;x;#442871
2361;23;130;61;Dzhaman-Kuduk;x;#17823D
2362;168;175;18;Gurganj;x;#A8AF12
2363;145;49;49;Atakent;x;#913131
2364;193;255;128;Talas;x;#C1FF80
2365;183;191;72;Orda;x;#B7BF48
2366;179;165;85;Utva;x;#B3A555
2367;88;175;171;Lower Yik;x;#58AFAB
2368;135;100;164;Karamegdan;x;#8764A4
2369;175;88;119;Lower Ishim;x;#AF5877
2370;108;130;155;Kungirot;x;#6C829B
2371;127;0;0;Song La;x;#7F0000
2372;0;38;255;Hai Phong;x;#0026FF
2373;137;76;72;Hue;x;#894C48
2374;53;204;105;Kauthara;x;#35CC69
2375;244;127;25;Rhade;x;#F47F19
2376;225;191;0;Prek Russey;x;#E1BF00
2377;82;199;61;Teuk Khmao;x;#52C73D
2378;255;0;110;Kratie;x;#FF006E
2379;0;148;255;Battambang;x;#0094FF
2380;190;35;195;Phnom Penh;x;#BE23C3
2381;34;65;11;Luang Namtha;x;#22410B
2382;154;12;26;Savanh Nakhone;x;#9A0C1A
2383;127;31;12;Khukhanor Surin;x;#7F1F0C
2384;17;79;170;Nong Khai;x;#114FAA
2385;42;127;127;Nongbua Lamphu;x;#2A7F7F
2386;91;112;0;Chaiyaphum;x;#5B7000
2387;71;64;128;Phetchaburi;x;#474080
2388;32;38;255;Phitsanulok;x;#2026FF
2389;213;130;225;Phra Bang;x;#D582E1
2390;202;66;152;Chaiya;x;#CA4298
2391;211;44;63;Thalang;x;#D32C3F
2392;135;98;114;Selangor;x;#876272
2393;44;142;85;Terengganu;x;#2C8E55
2394;92;175;36;Kedah;x;#5CAF24
2395;32;124;32;Hkamti Long;x;#207C20
2396;255;117;154;Mong Kawng;x;#FF759A
2397;141;255;107;Tamanthi;x;#8DFF6B
2398;53;168;141;Thaungdut;x;#35A88D
2399;255;242;109;Pagan;x;#FFF26D
2400;255;160;58;Hsipaw;x;#FFA03A
2401;255;163;137;Yawnghwe;x;#FFA389
2402;137;255;104;Sandoway;x;#89FF68
2403;255;92;71;Martaban;x;#FF5C47
2404;97;198;71;Mergui;x;#61C647
2405;54;91;72;Bendery;x;#365B48
2406;151;78;142;Ingil;x;#974E8E
2407;89;70;120;Pereyaslav;x;#594678
2408;211;223;69;Lipetsk;x;#D3DF45
2409;202;43;139;Bahmut;x;#CA2B8B
2410;153;230;204;Theodoro;x;#99E6CC
2411;179;204;153;Mansur;x;#B3CC99
2412;122;143;170;Kyzyl-Yar;x;#7A8FAA
2413;70;70;122;Tyn;x;#46467A
2414;116;74;122;Azaraba;x;#744A7A
2415;60;44;114;Etkara;x;#3C2C72
2416;66;75;120;Majar;x;#424B78
2417;182;25;40;Kuma;x;#B61928
2418;85;58;215;Ukek;x;#553AD7
2419;171;208;192;Kanadey;x;#ABD0C0
2420;247;22;12;Agyidel;x;#F7160C
2421;45;31;18;Juketau;x;#2D1F12
2422;163;72;18;Veda-Suvar;x;#A34812
2423;163;189;18;Alatyr;x;#A3BD12
2424;151;186;110;Peremyshl;x;#97BA6E
2425;89;61;78;Naryan-Mar;x;#593D4E
2426;34;74;126;Yamal;x;#224A7E
2427;166;83;32;Ostyaki;x;#A65320
2428;153;102;93;Yugan;x;#99665D
2429;63;102;93;Agan;x;#3F665D
2430;88;198;79;Baykha;x;#58C64F
2431;172;201;135;Uchamin;x;#ACC987
2432;162;183;79;Chulym;x;#A2B74F
2433;170;202;126;Vah;x;#AACA7E
2434;63;134;173;Barnaul;x;#3F86AD
2435;34;80;89;Nukhtui;x;#225059
2436;34;43;58;Chuna;x;#222B3A
2437;154;175;58;Seganka;x;#9AAF3A
2438;34;74;58;Kharya;x;#224A3A
2439;173;104;32;Yarmanka;x;#AD6820
2440;173;66;32;Kagyrgyn;x;#AD4220
2441;72;130;79;Iglino;x;#48824F
2442;72;28;79;Ust-Kut;x;#481C4F
2443;47;122;167;Kan;x;#2F7AA7
2444;164;48;70;Bashgird;x;#A43046
2445;166;144;32;Mangazea;x;#A69020
2446;148;47;32;Chara;x;#942F20
2447;228;43;43;Mantrega;x;#E42B2B
2448;144;31;145;Fezzan;x;#901F91
2449;81;144;95;Jufra;x;#51905F
2450;207;131;46;Ghadames;x;#CF832E
2451;39;31;246;Thubaqt;x;#271FF6
2452;165;31;196;Zuwarah;x;#A51FC4
2453;102;12;145;Sfax;x;#660C91
2454;228;231;95;Kairouan;x;#E4E75F
2455;60;161;46;Bizerte;x;#3CA12E
2456;186;131;246;Touggourt;x;#BA83F6
2457;123;51;196;Mzab;x;#7B33C4
2458;249;249;145;Hodna;x;#F9F991
2459;21;1;95;Titteri;x;#15015F
2460;147;151;46;Saoura;x;#93972E
2461;84;131;246;Dahra;x;#5483F6
2462;210;11;196;Ouarsenis;x;#D20BC4
2463;42;12;145;Kasdir;x;#2A0C91
2464;168;151;95;Ouarzazate;x;#A8975F
2465;105;109;46;Oujda;x;#696D2E
2466;231;15;246;Draa;x;#E70FF6
2467;63;119;196;Meknes;x;#3F77C4
2468;189;221;145;Tadla;x;#BDDD91
2469;126;1;95;Dukkala;x;#7E015F
2470;252;31;46;Haha;x;#FC1F2E
2471;1;246;246;Chott el-Jerid;x;#01F6F6
2472;252;131;46;Ouargla;x;#FC832E
2473;189;121;145;Souss;x;#BD7991
2474;148;133;60;Tajarhi;x;#94853C
2475;37;133;180;Djado;x;#2585B4
2476;1;0;145;Kumeyaay;x;#010091
2477;127;20;145;Yuki;x;#7F1491
2478;64;119;246;Tachi;x;#4077F6
2479;190;100;196;Maidu;x;#BE64C4
2480;22;32;145;Shasta;x;#162091
2481;148;161;95;Klamath;x;#94A15F
2482;85;91;46;Kalapuya;x;#555B2E
2483;211;31;246;Umatilla;x;#D31FF6
2484;43;51;196;Quileute;x;#2B33C4
2485;169;2;145;Chehalis;x;#A90291
2486;106;12;95;Yakima;x;#6A0C5F
2487;232;201;46;Spokane;x;#E8C92E
2488;4;51;246;Palus;x;#0433F6
2489;130;130;196;Bohogue;x;#8282C4
2490;67;201;145;Goshute;x;#43C991
2491;193;139;95;Hualapai;x;#C18B5F
2492;25;191;46;Chiricahua;x;#19BF2E
2493;151;161;246;Hopi;x;#97A1F6
2494;88;38;196;Zuni;x;#5826C4
2495;214;231;145;Acoma;x;#D6E791
2496;46;231;95;Jicarilla;x;#2EE75F
2497;172;191;46;Lipiyanes;x;#ACBF2E
2498;109;41;246;Jumao;x;#6D29F6
2499;235;152;196;Coahuilteco;x;#EB98C4
2500;7;131;145;Querecho;x;#078391
2501;133;231;95;Piegan;x;#85E75F
2502;70;161;46;Haaninin;x;#46A12E
2503;196;31;246;Ashshipite;x;#C41FF6
2504;28;171;196;Eelalapito;x;#1CABC4
2505;154;243;145;Tsitsistas;x;#9AF391
2506;91;2;95;Kuccuntikka;x;#5B025F
2507;217;131;46;Baachinena;x;#D9832E
2508;49;141;246;Skiri;x;#318DF6
2509;175;43;196;Utsehta;x;#AF2BC4
2510;112;164;145;Mandan;x;#70A491
2511;238;244;95;Itscheabine;x;#EEF45F
2512;10;121;46;Wahpekute;x;#0A792E
2513;136;158;246;Moingwena;x;#889EF6
2514;73;112;196;Michigamea;x;#4970C4
2515;199;232;145;Satuskhdin;x;#C7E891
2516;31;64;95;Adai;x;#1F405F
2517;157;164;46;Mdewakanton;x;#9DA42E
2518;94;48;246;Noquet;x;#5E30F6
2519;220;44;196;Kilatika;x;#DC2CC4
2520;52;183;145;Mengkonkia;x;#34B791
2521;178;3;95;Okouara;x;#B2035F
2522;115;141;46;Mascouten;x;#738D2E
2523;241;101;246;Piankeshaw;x;#F165F6
2524;13;31;196;Wabash;x;#0D1FC4
2525;139;11;145;Chillicothe;x;#8B0B91
2526;76;1;95;Shatteras;x;#4C015F
2527;202;202;46;Chickamauga;x;#CACA2E
2528;34;122;246;Yazoo;x;#227AF6
2529;160;221;196;Natchez;x;#A0DDC4
2530;97;12;145;Biloxi;x;#610C91
2531;223;132;95;Napochi;x;#DF845F
2532;55;131;46;Tohome;x;#37832E
2533;181;201;246;Chatot;x;#B5C9F6
2534;118;131;196;Yustaga;x;#7683C4
2535;244;231;145;Calusa;x;#F4E791
2536;16;19;95;Mayaimi;x;#10135F
2537;142;31;46;Hitchiti;x;#8E1F2E
2538;79;131;246;Yamasee;x;#4F83F6
2539;205;1;196;Mocama;x;#CD01C4
2540;37;6;145;Coweta;x;#250691
2541;163;191;95;Saluda;x;#A3BF5F
2542;100;3;46;Cusabo;x;#64032E
2543;226;41;246;Waccamaw;x;#E229F6
2544;58;1;196;Yadkin;x;#3A01C4
2545;184;31;145;Waxhaw;x;#B81F91
2546;121;161;95;Chicora;x;#79A15F
2547;247;131;46;Roanoke;x;#F7832E
2548;19;131;246;Tutelo;x;#1383F6
2549;145;255;196;Moratok;x;#91FFC4
2550;82;31;145;Doeg;x;#521F91
2551;208;199;95;Monongahela;x;#D0C75F
2552;40;61;46;Manahoac;x;#283D2E
2553;166;31;246;Potomac;x;#A61FF6
2554;103;21;196;Nanticoke;x;#6715C4
2555;229;31;145;Honniasont;x;#E51F91
2556;61;31;95;Juniata;x;#3D1F5F
2557;187;222;46;Atrakwaye;x;#BBDE2E
2558;124;131;246;Espachomy;x;#7C83F6
2559;250;141;196;Adirondack;x;#FA8DC4
2560;2;131;145;Quinnipiac;x;#028391
2561;128;181;95;Wampanoag;x;#80B55F
2562;65;133;46;Pennacook;x;#41852E
2563;191;123;246;Missiquoi;x;#BF7BF6
2564;23;31;196;Sokoki;x;#171FC4
2565;149;122;145;Kennebec;x;#957A91
2566;86;141;95;Passamaquoddy;x;#568D5F
2567;212;215;46;Aroostook;x;#D4D72E
2568;44;131;246;Kespukwitk;x;#2C83F6
2569;170;31;196;Eskikewakik;x;#AA1FC4
2570;107;31;145;Wolystoq;x;#6B1F91
2571;233;111;95;Madawaska;x;#E96F5F
2572;5;202;46;Siknikt;x;#05CA2E
2573;131;101;246;Placentia;x;#8365F6
2574;68;1;196;Sikumiut;x;#4401C4
2575;194;214;145;Naskapi;x;#C2D691
2576;26;3;95;Mingan;x;#1A035F
2577;152;1;46;Manicouagan;x;#98012E
2578;89;121;246;Anticosti;x;#5979F6
2579;215;2;196;Piekougami;x;#D702C4
2580;47;1;145;Atikamekw;x;#2F0191
2581;173;199;95;Timiskaming;x;#ADC75F
2582;110;1;46;Maliseet;x;#6E012E
2583;236;51;246;Etchemins;x;#EC33F6
2584;8;121;196;Loup;x;#0879C4
2585;134;31;145;Kichesipi;x;#861F91
2586;71;194;95;Tionontate;x;#47C25F
2587;197;197;46;Odawa;x;#C5C52E
2588;29;41;246;Piscatang;x;#1D29F6
2589;155;31;196;Kesagami;x;#9B1FC4
2590;92;45;145;Shaggami;x;#5C2D91
2591;218;26;95;Outoulibi;x;#DA1A5F
2592;50;131;46;Omushkego;x;#32832E
2593;221;144;246;Wappus;x;#DD90F6
2594;176;181;246;Quenebigon;x;#B0B5F6
2595;113;131;196;Kesyehotinne;x;#7183C4
2596;239;18;145;Mahmikiwiniyak;x;#EF1291
2597;11;51;95;Sipiwininiwak;x;#0B335F
2598;137;28;46;Hebina;x;#891C2E
2599;74;15;246;Athabasca;x;#4A0FF6
2600;200;31;196;Nihithawak;x;#C81FC4
2601;32;64;145;Danezaa;x;#204091
2602;158;114;95;Siksikawa;x;#9E725F
2603;95;122;46;Sekani;x;#5F7A2E
2604;53;131;196;Dakelh;x;#3583C4
2605;179;219;145;Secwepemc;x;#B3DB91
2606;116;3;95;Tsilhoqotin;x;#74035F
2607;242;255;46;Okanagan;x;#F2FF2E
2608;14;130;246;Rocky Mountains;x;#0E82F6
2609;140;131;196;Nisga'a;x;#8C83C4
2610;77;132;145;Heiltsuk;x;#4D8491
2611;203;41;95;Kodiak;x;#CB295F
2612;35;221;46;Eyak;x;#23DD2E
2613;161;131;246;Sitka;x;#A183F6
2614;98;31;196;Cotoname;x;#621FC4
2615;224;44;145;Guamares;x;#E02C91
2616;56;31;95;Seri;x;#381F5F
2617;182;201;46;Huichol;x;#B6C92E
2618;119;154;246;Toboso;x;#779AF6
2619;245;31;196;Laguneros;x;#F51FC4
2620;17;131;145;Nakipa;x;#118391
2621;143;19;95;Tizapan;x;#8F135F
2622;80;31;46;Cuitzeo;x;#501F2E
2623;206;154;246;Cutzamala;x;#CE9AF6
2624;38;44;196;Patzcuaro;x;#262CC4
2625;164;12;145;Hinonoeino;x;#A40C91
2626;101;31;95;Tulucan;x;#651F5F
2627;227;201;46;Cihuatlan;x;#E3C92E
2628;59;132;246;Tepeacac;x;#3B84F6
2629;185;227;196;Coyolapan;x;#B9E3C4
2630;122;232;145;Tochtepec;x;#7AE891
2631;248;248;95;Zaachila;x;#F8F85F
2632;20;131;46;Xicallanco;x;#14832E
2633;146;146;246;Mani;x;#9292F6
2634;83;119;196;Uaymil;x;#5377C4
2635;209;219;145;Chiapas;x;#D1DB91
2636;41;15;95;Chacujal;x;#290F5F
2637;167;37;46;Chortli;x;#A7252E
2638;104;124;246;Xoconochco;x;#687CF6
2639;230;31;196;Raritan;x;#E61FC4
2640;104;54;246;Lenca;x;#6836F6
2641;240;31;196;Tziccoac;x;#F01FC4
2642;62;45;145;Metztitlan;x;#3E2D91
2643;188;191;95;Apatzingan;x;#BCBF5F
2644;125;31;46;Cholula;x;#7D1F2E
2645;251;188;246;Teloloapan;x;#FBBCF6
2646;3;31;196;Coixtlahuacan;x;#031FC4
2647;129;31;145;Cuetlaxtlan;x;#811F91
2648;66;13;95;Yopitzinco;x;#420D5F
2649;192;201;46;Tehuantepec;x;#C0C92E
2650;25;31;246;Champutun;x;#191FF6
2651;150;231;196;Ah Canul;x;#96E7C4
2652;87;31;145;Ecab;x;#571F91
2653;213;213;95;Iximché;x;#D5D55F
2654;45;131;46;Baracoa;x;#2D832E
2655;171;31;246;Bayamo;x;#AB1FF6
2656;108;31;196;Camaguey;x;#6C1FC4
2657;234;31;145;Colima;x;#EA1F91
2658;6;15;95;Maguana;x;#060F5F
2659;132;16;46;Magua;"x 	";#84102E
2660;69;31;246;Managua;x;#451FF6
2661;195;31;196;Uluas;x;#C31FC4
2662;27;141;145;Olancho;x;#1B8D91
2663;153;31;95;Nicoya;x;#991F5F
2664;90;31;46;Veraguas;x;#5A1F2E
2665;216;31;246;Ais;x;#D81FF6
2666;48;31;196;Tuintsundé;x;#301FC4
2667;174;231;145;Cacaxtes;x;#AEE791
2668;111;31;95;Borrado;x;#6F1F5F
2669;237;31;46;Hasinai;x;#ED1F2E
2670;111;61;95;Tkaronto;x;#6F3D5F
2671;237;231;46;Missisage;x;#EDE72E
2672;192;101;46;Kitkehaki;x;#C0652E
2673;51;255;40;Pasai;x;#33FF28
2674;60;214;57;Peureulak;x;#3CD639
2675;29;38;119;Rokan;x;#1D2677
2676;150;146;184;Indragiri;x;#9692B8
2677;48;55;127;Jambi;x;#30377F
2678;214;113;131;Bangka;x;#D67183
2679;21;117;104;Belitung;x;#157568
2680;55;130;71;Muko-Muko;x;#378247
2681;76;118;155;Pagarruyung;x;#4C769B
2682;92;59;239;Pariaman;x;#5C3BEF
2683;130;64;29;Mentawai;x;#82401D
2684;79;130;125;Nias;x;#4F827D
2685;237;46;40;Gayo;x;#ED2E28
2686;44;214;56;Bintan;x;#2CD638
2687;216;49;158;Pakuan;x;#D8319E
2688;130;85;130;Cirebon;x;#825582
2689;198;98;83;Kendal;x;#C66253
2690;165;116;117;Pajang;x;#A57475
2691;216;58;34;Kediri;x;#D83A22
2692;216;67;201;Madura;x;#D843C9
2693;104;16;91;Lombok;x;#68105B
2694;136;210;148;East Gangwon;x;#88D294
2695;107;66;100;East Timor;x;#6B4264
2696;181;45;81;Yamdena;x;#B52D51
2697;163;70;58;Tondo;x;#A3463A
2698;163;207;58;Pangasinan;x;#A3CF3A
2699;255;75;66;Bikol;x;#FF4B42
2700;197;255;53;Panay;x;#C5FF35
2701;219;211;164;Tagloc;x;#DBD3A4
2702;65;219;88;Butuan;x;#41DB58
2703;104;158;82;Lehad Datu;x;#689E52
2704;132;76;108;Sibu;x;#844C6C
2705;131;183;111;Kuching;x;#83B76F
2706;255;61;138;Katapang;x;#FF3D8A
2707;234;86;86;Barito;x;#EA5656
2708;255;107;28;Sampit;x;#FF6B1C
2709;196;102;196;Tarakan;x;#C466C4
2710;87;204;89;Berau;x;#57CC59
2711;105;135;119;Bulungan;x;#698777
2712;175;65;144;Samarinda;x;#AF4190
2713;255;228;94;Gorontalo;x;#FFE45E
2714;255;89;185;Palu;x;#FF59B9
2715;127;150;255;Palopo;x;#7F96FF
2716;137;255;124;Buton;x;#89FF7C
2717;201;219;43;Sula;x;#C9DB2B
2718;241;207;129;Fak-Fak;x;#F1CF81
2719;119;128;17;Madang;x;#778011
2720;82;206;171;Lae;x;#52CEAB
2721;131;198;119;Kerema;x;#83C677
2722;178;198;73;Daru;x;#B2C649
2723;33;198;152;Yos Sudarso;x;#21C698
2724;221;212;104;Asmat;x;#DDD468
2725;124;63;62;Aru;x;#7C3F3E
2726;147;120;31;Malgana;x;#93781F
2727;255;141;71;Minang;x;#FF8D47
2728;93;107;37;Tiwi;x;#5D6B25
2729;255;102;79;Yolngu;x;#FF664F
2730;38;104;109;Awngthim;x;#26686D
2731;53;255;77;Guugu Yimithirr;x;#35FF4D
2732;45;107;40;Wulgurukaba;x;#2D6B28
2733;255;101;63;Baiali;x;#FF653F
2734;170;83;124;Yuin;x;#AA537C
2735;32;82;163;Gunditjmara;x;#2052A3
2736;253;255;158;Nukunu;x;#FDFF9E
2737;124;56;0;Ahuriri;x;#7C3800
2738;186;139;0;Waitaha;x;#BA8B00
2739;152;83;186;Kirikiriroa;x;#9853BA
2740;249;177;179;Borneo;x;#F9B1B3
2741;138;58;45;Jeju;x;#8A3A2D
2742;162;64;128;Yukjin;x;#A24080
2743;209;139;185;Gyeongseong;x;#D18BB9
2744;122;48;97;Nyeongbyeon;x;#7A3061
2745;134;53;105;West Gyeongsang;x;#863569
2746;213;38;84;Vidin;x;#D52654
2747;106;186;80;Khara Narin Ula;x;#6ABA50
2748;80;32;128;Jianchang;x;#502080
2749;37;208;234;Tikhvin;x;#25D0EA
2750;234;227;107;Plovdiv;x;#EAE36B
2751;68;230;179;Cuenca;x;#44E6B3
2752;3;196;128;Romsdal;x;#03C480
2753;188;67;67;Narbonne;x;#BC4343
2754;231;35;179;La Mancha;x;#E723B3
2755;68;8;179;Soria;x;#4408B3
2756;166;56;206;Welayta;x;#A638CE
2757;86;116;66;Kaffa;x;#567442
2758;46;186;146;Illubabor;x;#2EBA92
2759;116;166;116;Gambela;x;#74A674
2760;126;216;46;Hadiya;x;#7ED82E
2761;134;44;124;Arsi;x;#862C7C
2762;120;55;111;Damot;x;#78376F
2763;48;148;218;Asosa;x;#3094DA
2764;26;216;116;Ausa;x;#1AD874
2765;146;66;126;Assab;x;#92427E
2766;186;46;176;Mendefera;x;#BA2EB0
2767;82;128;128;Enderta;x;#528080
2768;198;74;105;Angot;x;#C64A69
2769;193;91;31;Lasta;x;#C15B1F
2770;58;147;124;Agew;x;#3A937C
2771;71;100;145;Semien;x;#476491
2772;145;101;5;Dembiya;x;#916505
2773;151;190;194;Mora;x;#97BEC2
2774;93;188;84;Kismayo;x;#5DBC54
2775;204;79;98;Merca;x;#CC4F62
2776;89;155;254;Afgooye;x;#599BFE
2777;89;124;82;Bardera;x;#597C52
2778;178;66;140;Warder;x;#B2428C
2779;183;255;142;Afder;x;#B7FF8E
2780;219;174;92;Beledweyne;x;#DBAE5C
2781;89;138;43;Gedo;x;#598A2B
2782;206;152;45;Warsheikh;x;#CE982D
2783;155;170;68;Hobyo;x;#9BAA44
2784;142;151;215;Galkayo;x;#8E97D7
2785;255;153;153;El Buur;x;#FF9999
2786;86;100;255;Bosaso;x;#5664FF
2787;201;151;89;Hamasien;x;#C99759
2788;201;201;89;Hafun;x;#C9C959
2789;194;170;163;Las Khorey;x;#C2AAA3
2790;194;89;105;Sanaag;x;#C25969
2791;126;107;255;Ankober;x;#7E6BFF
2792;211;163;46;Togdheer;x;#D3A32E
2793;97;209;85;Hargeisa;x;#61D155
2794;206;145;88;Barawa;x;#CE9158
2795;206;101;70;Meregh;x;#CE6546
2796;183;132;255;Pate;x;#B784FF
2797;200;122;110;Shendy;x;#C87A6E
2798;160;160;88;Soba;x;#A0A058
2799;48;97;59;Sennar;x;#30613B
2800;167;174;136;Kosti;x;#A7AE88
2801;47;174;78;Medwa;x;#2FAE4E
2802;137;75;113;Kobbe;x;#894B71
2803;194;235;0;Delta;x;#C2EB00
2804;114;125;229;Guasipati;x;#727DE5
2805;27;143;57;Uyapari;x;#1B8F39
2806;208;224;161;Riohacha;x;#D0E0A1
2807;31;196;124;Altagracia;x;#1FC47C
2808;212;203;165;Coro;x;#D4CBA5
2809;193;104;146;Llanos;x;#C16892
2810;184;224;133;Apure;x;#B8E085
2811;196;122;203;Atabapo;x;#C47ACB
2812;39;189;75;Pore;x;#27BD4B
2813;68;93;174;Merida;x;#445DAE
2814;66;225;110;Meta;x;#42E16E
2815;147;198;249;Puerto Carreno;x;#93C6F9
2816;232;144;132;Guavire;x;#E89084
2817;215;227;10;Nieva;x;#D7E30A
2818;215;34;10;Popayan;x;#D7220A
2819;205;227;166;Darien;x;#CDE3A6
2820;210;55;24;Esmeraldas;x;#D23718
2821;203;13;178;Piwra;x;#CB0DB2
2822;203;230;178;Tucume;x;#CBE6B2
2823;162;29;132;Moyomba;x;#A21D84
2824;26;229;50;Wankapampa;x;#1AE532
2825;208;231;17;Pisqupampa;x;#D0E711
2826;227;10;66;Chimbote;x;#E30A42
2827;234;182;195;Huaraz;x;#EAB6C3
2828;155;76;12;Camana;x;#9B4C0C
2829;212;200;121;Ayaviri;x;#D4C879
2830;212;54;121;Quero;x;#D43679
2831;129;170;176;Tiahuanaco;x;#81AAB0
2832;53;203;7;Exaltacion;x;#35CB07
2833;203;28;28;Madre de Dios;x;#CB1C1C
2834;229;187;219;Santa Cruz de la Sierra;x;#E5BBDB
2835;227;205;162;Sucre;x;#E3CDA2
2836;121;191;224;Tucuman;x;#79BFE0
2837;164;195;139;Santa Catalina;x;#A4C38B
2838;203;49;78;Tarija;x;#CB314E
2839;223;236;112;Puna de Atacama;x;#DFEC70
2840;192;102;234;Calama;x;#C066EA
2841;87;166;169;Antofagasta;x;#57A6A9
2842;74;6;176;Santiago del Estero;x;#4A06B0
2843;115;227;215;La Rioja;x;#73E3D7
2844;207;88;96;Chepes;x;#CF5860
2845;220;218;83;San Juan;x;#DCDA53
2846;201;29;167;Quisquisacate;x;#C91DA7
2847;61;225;80;San Luis;x;#3DE150
2848;112;183;0;Santa Fe;x;#70B700
2849;195;231;140;Rosario;x;#C3E78C
2850;238;42;55;Montevideo;x;#EE2A37
2851;217;40;128;Colonia;x;#D92880
2852;102;64;154;Salto;x;#66409A
2853;239;193;128;Yareyu;x;#EFC180
2854;39;54;255;Chaco Central;x;#2736FF
2855;175;213;219;Misiones;x;#AFD5DB
2856;80;211;231;Highveld;x;#50D3E7
2857;131;154;204;Rio Grande do Sul;x;#839ACC
2858;138;169;13;Santiago (Misiones);x;#8AA90D
2859;243;235;206;Itapua;x;#F3EBCE
2860;179;64;89;Querandi;x;#B34059
2861;130;104;224;Sauce;x;#8268E0
2862;28;77;217;Coquimbo;x;#1C4DD9
2863;220;131;82;Rio Negro;x;#DC8352
2864;16;91;52;Senqu;x;#105B34
2865;196;165;91;Puelches;x;#C4A55B
2866;234;27;27;Olavarria;x;#EA1B1B
2867;154;92;25;Chanar;x;#9A5C19
2868;201;74;24;Bahia Blanca;x;#C94A18
2869;225;248;32;Florida Blanca;x;#E1F820
2870;198;12;148;Tehuelmapu;x;#C60C94
2871;162;91;52;Poya;x;#A25B34
2872;94;52;213;Chiquiyami;x;#5E34D5
2873;141;225;31;Chiloe;x;#8DE11F
2874;27;159;129;Aysen;x;#1B9F81
2875;179;101;229;Chubut;x;#B365E5
2876;58;117;171;Teush;x;#3A75AB
2877;97;56;208;Mendoza;x;#6138D0
2878;191;40;143;Matara;x;#BF288F
2879;9;140;159;Santa Tecla;x;#098C9F
2880;164;234;53;Griqualand;x;#A4EA35
2881;124;22;150;Corumba;x;#7C1696
2882;140;215;23;Fuerte Borbon;x;#8CD717
2883;73;105;12;Melodia;x;#49690C
2884;239;33;57;Povos das Missoes;x;#EF2139
2885;237;42;10;Barra;x;#ED2A0A
2886;219;26;16;Parnaiba;x;#DB1A10
2887;13;172;47;Santa Catarina;x;#0DAC2F
2888;60;68;219;Cuiaba;x;#3C44DB
2889;101;200;35;Rio Branco;x;#65C823
2890;184;44;219;Marajo;x;#B82CDB
2891;177;115;49;Santa Ana das Minas;x;#B17331
2892;108;80;213;Araxas;x;#6C50D5
2893;108;140;23;Ofaie;x;#6C8C17
2894;51;88;196;Sao Joao del Rei;x;#3358C4
2895;50;191;200;Castro;x;#32BFC8
2896;234;61;69;Campinas;x;#EA3D45
2897;116;224;158;Araraquara;x;#74E09E
2898;237;44;0;Serro;x;#ED2C00
2899;232;197;34;Vila Rica;x;#E8C522
2900;213;84;63;Guapore;x;#D5543F
2901;219;210;106;Cerejeiras;x;#DBD26A
2902;30;80;222;Vila Bela;x;#1E50DE
2903;225;47;5;Caceres Mato Grosso;x;#E12F05
2904;198;166;54;Diamantino;x;#C6A636
2905;227;31;59;Rio Das Mortes;x;#E31F3B
2906;219;44;97;Ipora;x;#DB2C61
2907;31;236;55;Vila Boa;x;#1FEC37
2908;231;147;101;Formosa;x;#E79365
2909;56;203;20;Conceicao;x;#38CB14
2910;220;138;41;Pontal;x;#DC8A29
2911;83;46;201;Natividad;x;#532EC9
2912;232;205;202;Sergipe;x;#E8CDCA
2913;208;20;175;Jeremoabo;x;#D014AF
2914;62;16;191;Inhambupe;x;#3E10BF
2915;133;105;215;Pambu;x;#8569D7
2916;200;153;63;Rio Contas;x;#C8993F
2917;81;145;18;Paratinga;x;#519112
2918;239;221;25;Campo Largo;x;#EFDD19
2919;128;188;22;Luziana;x;#80BC16
2920;241;204;106;Coxim;x;#F1CC6A
2921;217;232;114;Alegoas;x;#D9E872
2922;21;102;201;Borborema;x;#1566C9
2923;218;229;92;Pastos Bons;x;#DAE55C
2924;94;145;166;Timon;x;#5E91A6
2925;49;196;123;Parnagua;x;#31C47B
2926;52;123;87;Grajau;x;#347B57
2927;200;160;82;Alcantara;x;#C8A052
2928;229;22;80;Tucurui;x;#E51650
2929;166;19;60;Para;x;#A6133C
2930;239;225;105;Santarem;x;#EFE169
2931;44;225;91;Pirara;x;#2CE15B
2932;44;72;166;Waddai;x;#2C48A6
2933;43;143;201;Faro;x;#2B8FC9
2934;222;176;35;Manaus;x;#DEB023
2935;239;49;105;Muturu;x;#EF3169
2936;72;80;35;Guyana;x;#485023
2937;225;45;45;Suriname;x;#E12D2D
2938;236;171;15;Oiapoque;x;#ECAB0F
2939;236;78;0;Zaraza;x;#EC4E00
2940;167;186;36;Chichas (Tupiza);x;#A7BA24
2941;12;149;188;Choquechaca (Caracaras);x;#0C95BC
2942;31;124;26;Charcas;x;#1F7C1A
2943;45;116;57;Chachapoyas;x;#2D7439
2944;219;84;58;Ucayali;x;#DB543A
2945;121;162;208;Yurimaguas;x;#79A2D0
2946;42;72;201;Quillacas;x;#2A48C9
2947;68;225;26;Macaya;x;#44E11A
2948;196;104;191;Matamba;x;#C468BF
2949;72;198;51;Mbata;x;#48C633
2950;32;218;173;Buhera;x;#20DAAD
2951;236;57;116;Manikya;x;#EC3974
2952;236;220;116;Madanda;x;#ECDC74
2953;236;222;116;Hjälmaren;x;#ECDE74
2954;29;59;159;Djerba;x;#1D3B9F
2955;107;121;191;Ingolstadt;x;#6B79BF
2956;224;134;54;Straubing;x;#E08636
2957;70;224;54;Regensburg;x;#46E036
2958;239;33;81;Osterode;x;#EF2151
2959;255;133;59;Tarnow;x;#FF853B
2960;61;201;123;Sadecki;x;#3DC97B
2961;241;249;20;Lwow;x;#F1F914
2962;208;213;71;Rowne;x;#D0D547
2963;85;232;161;Notec/Bydgoszcz;x;#55E8A1
2964;75;169;217;Altmark;x;#4BA9D9
2965;52;253;37;Vogtland;x;#34FD25
2966;243;1;69;Glogau;x;#F30145
2967;32;251;212;Eger;x;#20FBD4
2968;88;163;215;Budejovice;x;#58A3D7
2969;121;225;101;Sternberg;x;#79E165
2970;255;239;163;Hradekco;x;#FFEFA3
2971;231;154;5;Hoya;x;#E79A05
2972;249;240;1;Paderborn;x;#F9F001
2973;255;162;53;Meppen;x;#FFA235
2974;248;19;19;Loon;x;#F81313
2975;42;231;108;Kleves;x;#2AE76C
2976;205;23;23;Umbria;x;#CD1717
2977;248;231;136;Urbino;x;#F8E788
2978;99;204;234;Arezzo;x;#63CCEA
2979;192;219;10;Novara;x;#C0DB0A
2980;241;15;15;Lucca;x;#F10F0F
2981;222;108;69;Asti;x;#DE6C45
2982;227;135;53;Syracuse;x;#E38735
2983;150;159;47;Salerno;x;#969F2F
2984;206;227;169;Costenza;x;#CEE3A9
2985;223;236;73;Capitanata;x;#DFEC49
2986;55;246;23;Cagliari;x;#37F617
2987;220;251;47;Urgell;x;#DCFB2F
2988;232;11;11;Tarragona;x;#E80B0B
2989;200;58;78;Rioja;x;#C83A4E
2990;181;150;96;Teruel;x;#B59660
2991;243;21;172;Draguignan;x;#F315AC
2992;91;125;222;Albenga;x;#5B7DDE
2993;136;48;142;Stargard;x;#88308E
2994;248;245;157;Greifswald;x;#F8F59D
2995;234;228;174;Stolp;x;#EAE4AE
2996;229;171;33;Wismar;x;#E5AB21
2997;34;25;232;Pomerelia;x;#2219E8
2998;48;193;191;Bucaresti;x;#30C1BF
2999;255;90;203;Hormuz;x;#FF5ACB
3000;231;176;70;Nis;x;#E7B046
3001;232;5;5;Skopje;x;#E80505
3002;134;198;192;Sarajevo;x;#86C6C0
3003;188;110;220;Euboea;x;#BC6EDC
3004;189;110;220;Unused1;;#BD6EDC
3005;190;110;220;Unused2;;#BE6EDC
3006;191;110;220;Unused3;;#BF6EDC
3007;192;110;220;Unused4;;#C06EDC
3008;193;110;220;Unused5;;#C16EDC
3009;194;110;220;Unused6;;#C26EDC
3010;195;110;220;Unused7;;#C36EDC
3011;196;110;220;Unused8;;#C46EDC
3012;197;110;220;Unused9;;#C56EDC
3013;199;110;220;Unused10;;#C76EDC
3014;200;110;220;Unused11;;#C86EDC
3015;201;110;220;Unused12;;#C96EDC
3016;202;110;220;Unused13;;#CA6EDC
3017;203;110;220;Unused14;;#CB6EDC
3018;204;110;220;Unused15;;#CC6EDC
3019;205;110;220;Unused16;;#CD6EDC
3020;206;110;220;Unused17;;#CE6EDC
3021;207;110;220;Unused18;;#CF6EDC
3022;207;110;221;Unused19;;#CF6EDD
3023;207;110;222;Unused20;;#CF6EDE
3024;207;110;223;Unused11;;#CF6EDF
3025;207;110;224;Unused12;;#CF6EE0
3026;207;110;225;Unused13;;#CF6EE1
3027;207;110;226;Unused14;;#CF6EE2
3028;207;110;227;Unused15;;#CF6EE3
3029;207;110;228;Unused16;;#CF6EE4
3030;207;110;229;Unused17;;#CF6EE5
3031;207;110;230;Unused18;;#CF6EE6
3032;207;110;231;Unused19;;#CF6EE7
3033;207;110;232;Unused20;;#CF6EE8
3034;207;110;233;Unused21;;#CF6EE9
3035;207;110;234;Unused22;;#CF6EEA
3036;207;110;235;Unused23;;#CF6EEB
3037;207;110;236;Unused24;;#CF6EEC
3038;207;110;237;Unused25;;#CF6EED
3039;207;110;238;Unused26;;#CF6EEE
3040;207;110;239;Unused27;;#CF6EEF
3041;207;110;240;Unused28;;#CF6EF0
3042;207;110;241;Unused29;;#CF6EF1
3043;207;110;242;Unused30;;#CF6EF2
3044;207;110;243;Unused31;;#CF6EF3
3045;207;110;244;Unused32;;#CF6EF4
3046;207;110;245;Unused33;;#CF6EF5
3047;207;110;246;Unused34;;#CF6EF6
3048;207;110;247;Unused35;;#CF6EF7
3049;207;110;248;Unused36;;#CF6EF8
3050;207;110;249;Unused37;;#CF6EF9
3051;207;110;250;Unused38;;#CF6EFA
3052;208;110;1;Unused39;;#D06E01
3053;207;110;2;Unused40;;#CF6E02
3054;207;110;3;Unused41;;#CF6E03
3055;207;110;4;Unused42;;#CF6E04
3056;207;110;5;Unused43;;#CF6E05
3057;207;110;6;Unused44;;#CF6E06
3058;207;110;7;Unused45;;#CF6E07
3059;207;110;8;Unused46;;#CF6E08
3060;207;110;9;Unused47;;#CF6E09
3061;207;110;10;Unused48;;#CF6E0A
3062;207;110;11;Unused49;;#CF6E0B
3063;207;110;12;Unused50;;#CF6E0C
3064;207;110;13;Unused51;;#CF6E0D
3065;207;110;14;Unused52;;#CF6E0E
3066;207;110;15;Unused53;;#CF6E0F
3067;207;110;16;Unused54;;#CF6E10
3068;207;110;17;Unused55;;#CF6E11
3069;207;110;18;Unused56;;#CF6E12
3070;207;110;19;Unused57;;#CF6E13
3071;207;110;20;Unused58;;#CF6E14
3072;207;110;21;Unused59;;#CF6E15
3073;207;110;22;Unused60;;#CF6E16
3074;207;110;23;Unused61;;#CF6E17
3075;207;110;24;Unused62;;#CF6E18
3076;207;110;25;Unused63;;#CF6E19
3077;207;110;26;Unused64;;#CF6E1A
3078;207;110;27;Unused65;;#CF6E1B
3079;207;110;28;Unused66;;#CF6E1C
3080;207;110;29;Unused67;;#CF6E1D
3081;207;110;30;Unused68;;#CF6E1E
3082;207;110;31;Unused69;;#CF6E1F
3083;207;110;32;Unused70;;#CF6E20
3084;207;110;33;Unused71;;#CF6E21
3085;207;110;34;Unused72;;#CF6E22
3086;207;110;35;Unused73;;#CF6E23
3087;207;110;36;Unused74;;#CF6E24
3088;207;110;37;Unused75;;#CF6E25
3089;207;110;38;Unused76;;#CF6E26
3090;207;110;39;Unused77;;#CF6E27
3091;207;110;40;Unused78;;#CF6E28
3092;207;110;41;Unused79;;#CF6E29
3093;207;110;42;Unused80;;#CF6E2A
3094;207;110;43;Unused81;;#CF6E2B
3095;207;110;44;Unused82;;#CF6E2C
3096;207;110;45;Unused83;;#CF6E2D
3097;207;110;46;Unused84;;#CF6E2E
3098;207;110;47;Unused85;;#CF6E2F
3099;207;110;48;Unused86;;#CF6E30
3100;207;110;49;Unused87;;#CF6E31
3101;207;110;50;Unused88;;#CF6E32
3102;207;110;51;Unused89;;#CF6E33
3103;207;110;52;Unused90;;#CF6E34
3104;207;110;53;Unused91;;#CF6E35
3105;207;110;54;Unused92;;#CF6E36
3106;207;110;55;Unused93;;#CF6E37
3107;207;110;56;Unused94;;#CF6E38
3108;207;110;57;Unused95;;#CF6E39
3109;207;110;58;Unused96;;#CF6E3A
3110;207;110;59;Unused97;;#CF6E3B
3111;207;110;60;Unused98;;#CF6E3C
3112;207;110;61;Unused99;;#CF6E3D
3113;207;110;62;Unused100;;#CF6E3E
3114;207;110;63;Unused101;;#CF6E3F
3115;207;110;64;Unused102;;#CF6E40
3116;207;110;65;Unused103;;#CF6E41
3117;207;110;66;Unused104;;#CF6E42
3118;207;110;67;Unused105;;#CF6E43
3119;207;110;68;Unused106;;#CF6E44
3120;207;110;69;Unused107;;#CF6E45
3121;207;110;70;Unused108;;#CF6E46
3122;207;110;71;Unused109;;#CF6E47
3123;207;110;72;Unused110;;#CF6E48
3124;207;110;73;Unused111;;#CF6E49
3125;207;110;74;Unused112;;#CF6E4A
3126;207;110;75;Unused113;;#CF6E4B
3127;207;110;76;Unused114;;#CF6E4C
3128;207;110;77;Unused115;;#CF6E4D
3129;207;110;78;Unused116;;#CF6E4E
3130;207;110;79;Unused117;;#CF6E4F
3131;207;110;80;Unused118;;#CF6E50
3132;207;110;81;Unused119;;#CF6E51
3133;207;110;82;Unused120;;#CF6E52
3134;207;110;83;Unused121;;#CF6E53
3135;207;110;84;Unused122;;#CF6E54
3136;207;110;85;Unused123;;#CF6E55
3137;207;110;86;Unused124;;#CF6E56
3138;207;110;87;Unused125;;#CF6E57
3139;207;110;88;Unused126;;#CF6E58
3140;207;110;89;Unused127;;#CF6E59
3141;207;110;90;Unused128;;#CF6E5A
3142;207;110;91;Unused129;;#CF6E5B
3143;207;110;92;Unused130;;#CF6E5C
3144;207;110;93;Unused131;;#CF6E5D
3145;207;110;94;Unused132;;#CF6E5E
3146;207;110;95;Unused133;;#CF6E5F
3147;207;110;96;Unused134;;#CF6E60
3148;207;110;97;Unused135;;#CF6E61
3149;207;110;98;Unused136;;#CF6E62
3150;207;110;99;Unused137;;#CF6E63
3151;207;110;100;Unused138;;#CF6E64
3152;207;110;101;Unused139;;#CF6E65
3153;207;110;102;Unused140;;#CF6E66
3154;207;110;103;Unused141;;#CF6E67
3155;207;110;104;Unused142;;#CF6E68
3156;207;110;105;Unused143;;#CF6E69
3157;207;110;106;Unused144;;#CF6E6A
3158;207;110;107;Unused145;;#CF6E6B
3159;207;110;108;Unused146;;#CF6E6C
3160;207;110;109;Unused147;;#CF6E6D
3161;207;110;110;Unused148;;#CF6E6E
3162;207;110;111;Unused149;;#CF6E6F
3163;207;110;112;Unused150;;#CF6E70
3164;207;110;113;Unused151;;#CF6E71
3165;207;110;114;Unused152;;#CF6E72
3166;207;110;115;Unused153;;#CF6E73
3167;207;110;116;Unused154;;#CF6E74
3168;207;110;117;Unused155;;#CF6E75
3169;207;110;118;Unused156;;#CF6E76
3170;207;110;119;Unused157;;#CF6E77
3171;207;110;120;Unused158;;#CF6E78
3172;207;110;121;Unused159;;#CF6E79
3173;207;110;122;Unused160;;#CF6E7A
3174;207;110;123;Unused161;;#CF6E7B
3175;207;110;124;Unused162;;#CF6E7C
3176;207;110;125;Unused163;;#CF6E7D
3177;207;110;126;Unused164;;#CF6E7E
3178;207;110;127;Unused165;;#CF6E7F
3179;207;110;128;Unused166;;#CF6E80
3180;207;110;129;Unused167;;#CF6E81
3181;207;140;130;Unused168;;#CF8C82
3182;207;140;131;Unused169;;#CF8C83
3183;207;140;132;Unused170;;#CF8C84
3184;207;140;133;Unused171;;#CF8C85
3185;207;140;134;Unused172;;#CF8C86
3186;207;140;135;Unused173;;#CF8C87
3187;207;140;136;Unused174;;#CF8C88
3188;207;140;137;Unused175;;#CF8C89
3189;207;140;138;Unused176;;#CF8C8A
3190;219;32;0;UnusedLand0;;#DB2000
3191;219;32;1;UnusedLand1;;#DB2001
3192;219;32;2;UnusedLand2;;#DB2002
3193;219;32;3;UnusedLand3;;#DB2003
3194;219;32;4;UnusedLand4;;#DB2004
3195;219;32;5;UnusedLand5;;#DB2005
3196;219;32;6;UnusedLand6;;#DB2006
3197;219;32;7;UnusedLand7;;#DB2007
3198;219;32;8;UnusedLand8;;#DB2008
3199;219;32;9;UnusedLand9;;#DB2009
3200;219;32;10;UnusedLand10;;#DB200A
3201;219;32;11;UnusedLand11;;#DB200B
3202;219;32;12;UnusedLand12;;#DB200C
3203;219;32;13;UnusedLand13;;#DB200D
3204;219;32;14;UnusedLand14;;#DB200E
3205;219;32;15;UnusedLand15;;#DB200F
3206;219;32;16;UnusedLand16;;#DB2010
3207;219;32;17;UnusedLand17;;#DB2011
3208;219;32;18;UnusedLand18;;#DB2012
3209;219;32;19;UnusedLand19;;#DB2013
3210;219;32;20;UnusedLand20;;#DB2014
3211;219;32;21;UnusedLand21;;#DB2015
3212;219;32;22;UnusedLand22;;#DB2016
3213;219;32;23;UnusedLand23;;#DB2017
3214;219;32;24;UnusedLand24;;#DB2018
3215;219;32;25;UnusedLand25;;#DB2019
3216;219;32;26;UnusedLand26;;#DB201A
3217;219;32;27;UnusedLand27;;#DB201B
3218;219;32;28;UnusedLand28;;#DB201C
3219;219;32;29;UnusedLand29;;#DB201D
3220;219;32;30;UnusedLand30;;#DB201E
3221;219;32;31;UnusedLand31;;#DB201F
3222;219;32;32;UnusedLand32;;#DB2020
3223;219;32;33;UnusedLand33;;#DB2021
3224;219;32;34;UnusedLand34;;#DB2022
3225;219;32;35;UnusedLand35;;#DB2023
3226;219;32;36;UnusedLand36;;#DB2024
3227;219;32;37;UnusedLand37;;#DB2025
3228;219;32;38;UnusedLand38;;#DB2026
3229;219;32;39;UnusedLand39;;#DB2027
3230;219;32;40;UnusedLand40;;#DB2028
3231;219;32;41;UnusedLand41;;#DB2029
3232;219;32;42;UnusedLand42;;#DB202A
3233;219;32;43;UnusedLand43;;#DB202B
3234;219;32;44;UnusedLand44;;#DB202C
3235;219;32;45;UnusedLand45;;#DB202D
3236;219;32;46;UnusedLand46;;#DB202E
3237;219;32;47;UnusedLand47;;#DB202F
3238;219;32;48;UnusedLand48;;#DB2030
3239;219;32;49;UnusedLand49;;#DB2031
3240;219;32;50;UnusedLand50;;#DB2032
3241;219;32;51;UnusedLand51;;#DB2033
3242;219;32;52;UnusedLand52;;#DB2034
3243;219;32;53;UnusedLand53;;#DB2035
3244;219;32;54;UnusedLand54;;#DB2036
3245;219;32;55;UnusedLand55;;#DB2037
3246;219;32;56;UnusedLand56;;#DB2038
3247;219;32;57;UnusedLand57;;#DB2039
3248;219;32;58;UnusedLand58;;#DB203A
3249;219;32;59;UnusedLand59;;#DB203B
3250;219;32;60;UnusedLand60;;#DB203C
3251;219;32;61;UnusedLand61;;#DB203D
3252;219;32;62;UnusedLand62;;#DB203E
3253;219;32;63;UnusedLand63;;#DB203F
3254;219;32;64;UnusedLand64;;#DB2040
3255;219;32;65;UnusedLand65;;#DB2041
3256;219;32;66;UnusedLand66;;#DB2042
3257;219;32;67;UnusedLand67;;#DB2043
3258;219;32;68;UnusedLand68;;#DB2044
3259;219;32;69;UnusedLand69;;#DB2045
3260;219;32;70;UnusedLand70;;#DB2046
3261;219;32;71;UnusedLand71;;#DB2047
3262;219;32;72;UnusedLand72;;#DB2048
3263;219;32;73;UnusedLand73;;#DB2049
3264;219;32;74;UnusedLand74;;#DB204A
3265;219;32;75;UnusedLand75;;#DB204B
3266;219;32;76;UnusedLand76;;#DB204C
3267;219;32;77;UnusedLand77;;#DB204D
3268;219;32;78;UnusedLand78;;#DB204E
3269;219;32;79;UnusedLand79;;#DB204F
3270;219;32;80;UnusedLand80;;#DB2050
3271;219;32;81;UnusedLand81;;#DB2051
3272;219;32;82;UnusedLand82;;#DB2052
3273;219;32;83;UnusedLand83;;#DB2053
3274;219;32;84;UnusedLand84;;#DB2054
3275;219;32;85;UnusedLand85;;#DB2055
3276;219;32;86;UnusedLand86;;#DB2056
3277;219;32;87;UnusedLand87;;#DB2057
3278;219;32;88;UnusedLand88;;#DB2058
3279;219;32;89;UnusedLand89;;#DB2059
3280;219;32;90;UnusedLand90;;#DB205A
3281;219;32;91;UnusedLand91;;#DB205B
3282;219;32;92;UnusedLand92;;#DB205C
3283;219;32;93;UnusedLand93;;#DB205D
3284;219;32;94;UnusedLand94;;#DB205E
3285;219;32;95;UnusedLand95;;#DB205F
3286;219;32;96;UnusedLand96;;#DB2060
3287;219;32;97;UnusedLand97;;#DB2061
3288;219;32;98;UnusedLand98;;#DB2062
3289;219;32;99;UnusedLand99;;#DB2063
3290;219;32;100;UnusedLand100;;#DB2064
3291;219;32;101;UnusedLand101;;#DB2065
3292;219;32;102;UnusedLand102;;#DB2066
3293;219;32;103;UnusedLand103;;#DB2067
3294;219;32;104;UnusedLand104;;#DB2068
3295;219;32;105;UnusedLand105;;#DB2069
3296;219;32;106;UnusedLand106;;#DB206A
3297;219;32;107;UnusedLand107;;#DB206B
3298;219;32;108;UnusedLand108;;#DB206C
3299;219;32;109;UnusedLand109;;#DB206D
3300;219;32;110;UnusedLand110;;#DB206E
3301;219;32;111;UnusedLand111;;#DB206F
3302;219;32;112;UnusedLand112;;#DB2070
3303;219;32;113;UnusedLand113;;#DB2071
3304;219;32;114;UnusedLand114;;#DB2072
3305;219;32;115;UnusedLand115;;#DB2073
3306;219;32;116;UnusedLand116;;#DB2074
3307;219;32;117;UnusedLand117;;#DB2075
3308;219;32;118;UnusedLand118;;#DB2076
3309;219;32;119;UnusedLand119;;#DB2077
3310;219;32;120;UnusedLand120;;#DB2078
3311;219;32;121;UnusedLand121;;#DB2079
3312;219;32;122;UnusedLand122;;#DB207A
3313;219;32;123;UnusedLand123;;#DB207B
3314;219;32;124;UnusedLand124;;#DB207C
3315;219;32;125;UnusedLand125;;#DB207D
3316;219;32;126;UnusedLand126;;#DB207E
3317;219;32;127;UnusedLand127;;#DB207F
3318;219;32;128;UnusedLand128;;#DB2080
3319;219;32;129;UnusedLand129;;#DB2081
3320;219;32;130;UnusedLand130;;#DB2082
3321;219;32;131;UnusedLand131;;#DB2083
3322;219;32;132;UnusedLand132;;#DB2084
3323;219;32;133;UnusedLand133;;#DB2085
3324;219;32;134;UnusedLand134;;#DB2086
3325;219;32;135;UnusedLand135;;#DB2087
3326;219;32;136;UnusedLand136;;#DB2088
3327;219;32;137;UnusedLand137;;#DB2089
3328;219;32;138;UnusedLand138;;#DB208A
3329;219;32;139;UnusedLand139;;#DB208B
3330;219;32;140;UnusedLand140;;#DB208C
3331;219;32;141;UnusedLand141;;#DB208D
3332;219;32;142;UnusedLand142;;#DB208E
3333;219;32;143;UnusedLand143;;#DB208F
3334;219;32;144;UnusedLand144;;#DB2090
3335;219;32;145;UnusedLand145;;#DB2091
3336;219;32;146;UnusedLand146;;#DB2092
3337;219;32;147;UnusedLand147;;#DB2093
3338;219;32;148;UnusedLand148;;#DB2094
3339;219;32;149;UnusedLand149;;#DB2095
3340;219;32;150;UnusedLand150;;#DB2096
3341;219;32;151;UnusedLand151;;#DB2097
3342;219;32;152;UnusedLand152;;#DB2098
3343;219;32;153;UnusedLand153;;#DB2099
3344;219;32;154;UnusedLand154;;#DB209A
3345;219;32;155;UnusedLand155;;#DB209B
3346;219;32;156;UnusedLand156;;#DB209C
3347;219;32;157;UnusedLand157;;#DB209D
3348;219;32;158;UnusedLand158;;#DB209E
3349;219;32;159;UnusedLand159;;#DB209F
3350;219;32;160;UnusedLand160;;#DB20A0
3351;219;32;161;UnusedLand161;;#DB20A1
3352;219;32;162;UnusedLand162;;#DB20A2
3353;219;32;163;UnusedLand163;;#DB20A3
3354;219;32;164;UnusedLand164;;#DB20A4
3355;219;32;165;UnusedLand165;;#DB20A5
3356;219;32;166;UnusedLand166;;#DB20A6
3357;219;32;167;UnusedLand167;;#DB20A7
3358;219;32;168;UnusedLand168;;#DB20A8
3359;219;32;169;UnusedLand169;;#DB20A9
3360;219;32;170;UnusedLand170;;#DB20AA
3361;219;32;171;UnusedLand171;;#DB20AB
3362;219;32;172;UnusedLand172;;#DB20AC
3363;219;32;173;UnusedLand173;;#DB20AD
3364;219;32;174;UnusedLand174;;#DB20AE
3365;219;32;175;UnusedLand175;;#DB20AF
3366;219;32;176;UnusedLand176;;#DB20B0
3367;219;32;177;UnusedLand177;;#DB20B1
3368;219;32;178;UnusedLand178;;#DB20B2
3369;219;32;179;UnusedLand179;;#DB20B3
3370;219;32;180;UnusedLand180;;#DB20B4
3371;219;32;181;UnusedLand181;;#DB20B5
3372;219;32;182;UnusedLand182;;#DB20B6
3373;219;32;183;UnusedLand183;;#DB20B7
3374;219;32;184;UnusedLand184;;#DB20B8
3375;219;32;185;UnusedLand185;;#DB20B9
3376;219;32;186;UnusedLand186;;#DB20BA
3377;219;32;187;UnusedLand187;;#DB20BB
3378;219;32;188;UnusedLand188;;#DB20BC
3379;219;32;189;UnusedLand189;;#DB20BD
3380;219;32;190;UnusedLand190;;#DB20BE
3381;219;32;191;UnusedLand191;;#DB20BF
3382;219;32;192;UnusedLand192;;#DB20C0
3383;219;32;193;UnusedLand193;;#DB20C1
3384;219;32;194;UnusedLand194;;#DB20C2
3385;219;32;195;UnusedLand195;;#DB20C3
3386;219;32;196;UnusedLand196;;#DB20C4
3387;219;32;197;UnusedLand197;;#DB20C5
3388;219;32;198;UnusedLand198;;#DB20C6
3389;219;32;199;UnusedLand199;;#DB20C7
3390;219;32;200;UnusedLand200;;#DB20C8
3391;219;32;201;UnusedLand201;;#DB20C9
3392;219;32;202;UnusedLand202;;#DB20CA
3393;219;32;203;UnusedLand203;;#DB20CB
3394;219;32;204;UnusedLand204;;#DB20CC
3395;219;32;205;UnusedLand205;;#DB20CD
3396;219;32;206;UnusedLand206;;#DB20CE
3397;219;32;207;UnusedLand207;;#DB20CF
3398;219;32;208;UnusedLand208;;#DB20D0
3399;219;32;209;UnusedLand209;;#DB20D1
3400;219;32;210;UnusedLand210;;#DB20D2
3401;219;32;211;UnusedLand211;;#DB20D3
3402;219;32;212;UnusedLand212;;#DB20D4
3403;219;32;213;UnusedLand213;;#DB20D5
3404;219;32;214;UnusedLand214;;#DB20D6
3405;219;32;215;UnusedLand215;;#DB20D7
3406;219;32;216;UnusedLand216;;#DB20D8
3407;219;32;217;UnusedLand217;;#DB20D9
3408;219;32;218;UnusedLand218;;#DB20DA
3409;219;32;219;UnusedLand219;;#DB20DB
3410;219;32;220;UnusedLand220;;#DB20DC
3411;219;32;221;UnusedLand221;;#DB20DD
3412;219;32;222;UnusedLand222;;#DB20DE
3413;219;32;223;UnusedLand223;;#DB20DF
3414;219;32;224;UnusedLand224;;#DB20E0
3415;219;32;225;UnusedLand225;;#DB20E1
3416;219;32;226;UnusedLand226;;#DB20E2
3417;219;32;227;UnusedLand227;;#DB20E3
3418;219;32;228;UnusedLand228;;#DB20E4
3419;219;32;229;UnusedLand229;;#DB20E5
3420;219;23;120;RNW;;#DB1778
3421;219;23;121;RNW;;#DB1779
3422;219;23;122;RNW;;#DB177A
3423;219;23;123;RNW;;#DB177B
3424;219;23;124;RNW;;#DB177C
3425;219;23;125;RNW;;#DB177D
3426;219;23;126;RNW;;#DB177E
3427;219;23;127;RNW;;#DB177F
3428;219;23;128;RNW;;#DB1780
3429;219;23;129;RNW;;#DB1781
3430;219;23;130;RNW;;#DB1782
3431;219;23;131;RNW;;#DB1783
3432;219;23;132;RNW;;#DB1784
3433;219;23;133;RNW;;#DB1785
3434;219;23;134;RNW;;#DB1786
3435;219;23;135;RNW;;#DB1787
3436;219;23;136;RNW;;#DB1788
3437;219;23;137;RNW;;#DB1789
3438;219;23;138;RNW;;#DB178A
3439;219;23;139;RNW;;#DB178B
3440;219;23;140;RNW;;#DB178C
3441;219;23;141;RNW;;#DB178D
3442;219;23;142;RNW;;#DB178E
3443;219;23;143;RNW;;#DB178F
3444;219;23;144;RNW;;#DB1790
3445;219;23;145;RNW;;#DB1791
3446;219;23;146;RNW;;#DB1792
3447;219;23;147;RNW;;#DB1793
3448;219;23;148;RNW;;#DB1794
3449;219;23;149;RNW;;#DB1795
3450;219;23;150;RNW;;#DB1796
3451;219;23;151;RNW;;#DB1797
3452;219;23;152;RNW;;#DB1798
3453;219;23;153;RNW;;#DB1799
3454;219;23;154;RNW;;#DB179A
3455;219;23;155;RNW;;#DB179B
3456;219;23;156;RNW;;#DB179C
3457;219;23;157;RNW;;#DB179D
3458;219;23;158;RNW;;#DB179E
3459;219;23;159;RNW;;#DB179F
3460;219;23;160;RNW;;#DB17A0
3461;219;23;161;RNW;;#DB17A1
3462;219;23;162;RNW;;#DB17A2
3463;219;23;163;RNW;;#DB17A3
3464;219;23;164;RNW;;#DB17A4
3465;219;23;165;RNW;;#DB17A5
3466;219;23;166;RNW;;#DB17A6
3467;219;23;167;RNW;;#DB17A7
3468;219;23;168;RNW;;#DB17A8
3469;219;23;169;RNW;;#DB17A9
3470;219;23;170;RNW;;#DB17AA
3471;219;23;171;RNW;;#DB17AB
3472;219;23;172;RNW;;#DB17AC
3473;219;23;173;RNW;;#DB17AD
3474;219;23;174;RNW;;#DB17AE
3475;219;23;175;RNW;;#DB17AF
3476;219;23;176;RNW;;#DB17B0
3477;219;23;177;RNW;;#DB17B1
3478;219;23;178;RNW;;#DB17B2
3479;219;23;179;RNW;;#DB17B3
3480;219;23;180;RNW;;#DB17B4
3481;219;23;181;RNW;;#DB17B5
3482;219;23;182;RNW;;#DB17B6
3483;219;23;183;RNW;;#DB17B7
3484;219;23;184;RNW;;#DB17B8
3485;219;23;185;RNW;;#DB17B9
3486;219;23;186;RNW;;#DB17BA
3487;219;23;187;RNW;;#DB17BB
3488;219;23;188;RNW;;#DB17BC
3489;219;23;189;RNW;;#DB17BD
3490;219;23;190;RNW;;#DB17BE
3491;219;23;191;RNW;;#DB17BF
3492;219;23;192;RNW;;#DB17C0
3493;219;23;193;RNW;;#DB17C1
3494;219;23;194;RNW;;#DB17C2
3495;219;23;195;RNW;;#DB17C3
3496;219;23;196;RNW;;#DB17C4
3497;219;23;197;RNW;;#DB17C5
3498;219;23;198;RNW;;#DB17C6
3499;219;23;199;RNW;;#DB17C7
3500;219;23;200;RNW;;#DB17C8
3501;219;23;201;RNW;;#DB17C9
3502;219;23;202;RNW;;#DB17CA
3503;219;23;203;RNW;;#DB17CB
3504;219;23;204;RNW;;#DB17CC
3505;219;23;205;RNW;;#DB17CD
3506;219;23;206;RNW;;#DB17CE
3507;219;23;207;RNW;;#DB17CF
3508;219;23;208;RNW;;#DB17D0
3509;219;24;209;RNW;;#DB18D1
3510;219;24;210;RNW;;#DB18D2
3511;219;24;211;RNW;;#DB18D3
3512;219;24;212;RNW;;#DB18D4
3513;219;24;213;RNW;;#DB18D5
3514;219;24;214;RNW;;#DB18D6
3515;219;24;215;RNW;;#DB18D7
3516;219;24;216;RNW;;#DB18D8
3517;219;24;217;RNW;;#DB18D9
3518;219;24;218;RNW;;#DB18DA
3519;219;24;219;RNW;;#DB18DB
3520;219;24;220;RNW;;#DB18DC
3521;219;24;221;RNW;;#DB18DD
3522;219;24;222;RNW;;#DB18DE
3523;219;24;223;RNW;;#DB18DF
3524;219;24;224;RNW;;#DB18E0
3525;219;24;225;RNW;;#DB18E1
3526;219;24;226;RNW;;#DB18E2
3527;219;24;227;RNW;;#DB18E3
3528;219;24;228;RNW;;#DB18E4
3529;219;24;229;RNW;;#DB18E5
3530;219;24;230;RNW;;#DB18E6
3531;219;24;231;RNW;;#DB18E7
3532;219;24;232;RNW;;#DB18E8
3533;219;24;233;RNW;;#DB18E9
3534;219;24;234;RNW;;#DB18EA
3535;219;24;235;RNW;;#DB18EB
3536;219;24;236;RNW;;#DB18EC
3537;219;24;237;RNW;;#DB18ED
3538;219;24;238;RNW;;#DB18EE
3539;219;24;239;RNW;;#DB18EF
3540;219;24;240;RNW;;#DB18F0
3541;219;24;241;RNW;;#DB18F1
3542;219;24;242;RNW;;#DB18F2
3543;219;24;243;RNW;;#DB18F3
3544;219;24;244;RNW;;#DB18F4
3545;219;24;245;RNW;;#DB18F5
3546;219;24;246;RNW;;#DB18F6
3547;219;24;247;RNW;;#DB18F7
3548;219;24;248;RNW;;#DB18F8
3549;219;24;249;RNW;;#DB18F9
3550;219;24;150;RNW;;#DB1896
3551;225;25;151;RNW;;#E11997
3552;225;25;152;RNW;;#E11998
3553;225;25;153;RNW;;#E11999
3554;225;25;154;RNW;;#E1199A
3555;225;25;155;RNW;;#E1199B
3556;225;25;156;RNW;;#E1199C
3557;225;25;157;RNW;;#E1199D
3558;225;25;158;RNW;;#E1199E
3559;225;25;159;RNW;;#E1199F
3560;225;25;160;RNW;;#E119A0
3561;225;25;161;RNW;;#E119A1
3562;225;25;162;RNW;;#E119A2
3563;225;25;163;RNW;;#E119A3
3564;225;25;164;RNW;;#E119A4
3565;225;25;165;RNW;;#E119A5
3566;225;25;166;RNW;;#E119A6
3567;225;25;167;RNW;;#E119A7
3568;225;25;168;RNW;;#E119A8
3569;225;25;169;RNW;;#E119A9
3570;225;25;170;RNW;;#E119AA
3571;225;25;171;RNW;;#E119AB
3572;225;25;172;RNW;;#E119AC
3573;225;25;173;RNW;;#E119AD
3574;225;25;174;RNW;;#E119AE
3575;225;25;175;RNW;;#E119AF
3576;225;25;176;RNW;;#E119B0
3577;225;25;177;RNW;;#E119B1
3578;225;25;178;RNW;;#E119B2
3579;225;25;179;RNW;;#E119B3
3580;225;25;180;RNW;;#E119B4
3581;225;25;181;RNW;;#E119B5
3582;225;25;182;RNW;;#E119B6
3583;225;25;183;RNW;;#E119B7
3584;225;25;184;RNW;;#E119B8
3585;225;25;185;RNW;;#E119B9
3586;225;25;186;RNW;;#E119BA
3587;225;25;187;RNW;;#E119BB
3588;225;25;188;RNW;;#E119BC
3589;225;25;189;RNW;;#E119BD
3590;225;25;190;RNW;;#E119BE
3591;225;25;191;RNW;;#E119BF
3592;225;25;192;RNW;;#E119C0
3593;225;25;193;RNW;;#E119C1
3594;225;25;194;RNW;;#E119C2
3595;225;25;195;RNW;;#E119C3
3596;225;25;196;RNW;;#E119C4
3597;225;25;197;RNW;;#E119C5
3598;225;25;198;RNW;;#E119C6
3599;225;25;199;RNW;;#E119C7
3600;225;25;200;RNW;;#E119C8
3601;225;25;201;RNW;;#E119C9
3602;225;25;202;RNW;;#E119CA
3603;225;25;203;RNW;;#E119CB
3604;225;25;204;RNW;;#E119CC
3605;225;25;205;RNW;;#E119CD
3606;225;25;206;RNW;;#E119CE
3607;225;25;207;RNW;;#E119CF
3608;225;25;208;RNW;;#E119D0
3609;225;25;209;RNW;;#E119D1
3610;225;25;200;RNW;;#E119C8
3611;225;25;201;RNW;;#E119C9
3612;225;25;202;RNW;;#E119CA
3613;225;25;203;RNW;;#E119CB
3614;225;25;204;RNW;;#E119CC
3615;225;25;205;RNW;;#E119CD
3616;225;25;206;RNW;;#E119CE
3617;225;25;207;RNW;;#E119CF
3618;225;25;208;RNW;;#E119D0
3619;225;25;209;RNW;;#E119D1
3620;100;10;120;RNW;;#640A78
3621;100;10;121;RNW;;#640A79
3622;100;10;122;RNW;;#640A7A
3623;100;10;123;RNW;;#640A7B
3624;100;10;124;RNW;;#640A7C
3625;100;10;125;RNW;;#640A7D
3626;100;10;126;RNW;;#640A7E
3627;100;10;127;RNW;;#640A7F
3628;100;10;128;RNW;;#640A80
3629;100;10;129;RNW;;#640A81
3630;100;10;130;RNW;;#640A82
3631;100;10;131;RNW;;#640A83
3632;100;10;132;RNW;;#640A84
3633;100;10;133;RNW;;#640A85
3634;100;10;134;RNW;;#640A86
3635;100;10;135;RNW;;#640A87
3636;100;10;136;RNW;;#640A88
3637;100;10;137;RNW;;#640A89
3638;100;10;138;RNW;;#640A8A
3639;100;10;139;RNW;;#640A8B
3640;100;10;140;RNW;;#640A8C
3641;100;10;141;RNW;;#640A8D
3642;100;10;142;RNW;;#640A8E
3643;100;10;143;RNW;;#640A8F
3644;100;10;144;RNW;;#640A90
3645;100;10;145;RNW;;#640A91
3646;100;10;146;RNW;;#640A92
3647;100;10;147;RNW;;#640A93
3648;100;10;148;RNW;;#640A94
3649;100;10;149;RNW;;#640A95
3650;100;10;150;RNW;;#640A96
3651;100;10;151;RNW;;#640A97
3652;100;10;152;RNW;;#640A98
3653;100;10;153;RNW;;#640A99
3654;100;10;154;RNW;;#640A9A
3655;100;10;155;RNW;;#640A9B
3656;100;10;156;RNW;;#640A9C
3657;100;10;157;RNW;;#640A9D
3658;100;10;158;RNW;;#640A9E
3659;100;10;159;RNW;;#640A9F
3660;100;10;160;RNW;;#640AA0
3661;100;10;161;RNW;;#640AA1
3662;100;10;162;RNW;;#640AA2
3663;100;10;163;RNW;;#640AA3
3664;100;10;164;RNW;;#640AA4
3665;100;10;165;RNW;;#640AA5
3666;100;10;166;RNW;;#640AA6
3667;100;10;167;RNW;;#640AA7
3668;100;10;168;RNW;;#640AA8
3669;100;10;169;RNW;;#640AA9
3670;100;10;170;RNW;;#640AAA
3671;100;10;171;RNW;;#640AAB
3672;100;10;172;RNW;;#640AAC
3673;100;10;173;RNW;;#640AAD
3674;100;10;174;RNW;;#640AAE
3675;100;10;175;RNW;;#640AAF
3676;100;10;176;RNW;;#640AB0
3677;100;10;177;RNW;;#640AB1
3678;100;10;178;RNW;;#640AB2
3679;100;10;179;RNW;;#640AB3
3680;100;10;180;RNW;;#640AB4
3681;100;10;181;RNW;;#640AB5
3682;100;10;182;RNW;;#640AB6
3683;100;10;183;RNW;;#640AB7
3684;100;10;184;RNW;;#640AB8
3685;100;10;185;RNW;;#640AB9
3686;100;10;186;RNW;;#640ABA
3687;100;10;187;RNW;;#640ABB
3688;100;10;188;RNW;;#640ABC
3689;100;10;189;RNW;;#640ABD
3690;100;10;190;RNW;;#640ABE
3691;100;10;191;RNW;;#640ABF
3692;100;10;192;RNW;;#640AC0
3693;100;10;193;RNW;;#640AC1
3694;100;10;194;RNW;;#640AC2
3695;100;10;195;RNW;;#640AC3
3696;100;10;196;RNW;;#640AC4
3697;100;10;197;RNW;;#640AC5
3698;100;10;198;RNW;;#640AC6
3699;100;10;199;RNW;;#640AC7
3700;100;11;100;RNW;;#640B64
3701;100;11;101;RNW;;#640B65
3702;100;11;102;RNW;;#640B66
3703;100;11;103;RNW;;#640B67
3704;100;11;104;RNW;;#640B68
3705;100;11;105;RNW;;#640B69
3706;100;11;106;RNW;;#640B6A
3707;100;11;107;RNW;;#640B6B
3708;100;11;108;RNW;;#640B6C
3709;100;11;109;RNW;;#640B6D
3710;100;11;110;RNW;;#640B6E
3711;100;11;111;RNW;;#640B6F
3712;100;11;112;RNW;;#640B70
3713;100;11;113;RNW;;#640B71
3714;100;11;114;RNW;;#640B72
3715;100;11;115;RNW;;#640B73
3716;100;11;116;RNW;;#640B74
3717;100;11;117;RNW;;#640B75
3718;100;11;118;RNW;;#640B76
3719;100;11;119;RNW;;#640B77
3720;100;11;120;RNW;;#640B78
3721;100;11;121;RNW;;#640B79
3722;100;11;122;RNW;;#640B7A
3723;100;11;123;RNW;;#640B7B
3724;100;11;124;RNW;;#640B7C
3725;100;11;125;RNW;;#640B7D
3726;100;11;126;RNW;;#640B7E
3727;100;11;127;RNW;;#640B7F
3728;100;11;128;RNW;;#640B80
3729;100;11;129;RNW;;#640B81
3730;100;11;130;RNW;;#640B82
3731;100;11;131;RNW;;#640B83
3732;100;11;132;RNW;;#640B84
3733;100;11;133;RNW;;#640B85
3734;100;11;134;RNW;;#640B86
3735;100;11;135;RNW;;#640B87
3736;100;11;136;RNW;;#640B88
3737;100;11;137;RNW;;#640B89
3738;100;11;138;RNW;;#640B8A
3739;100;11;139;RNW;;#640B8B
3740;100;11;140;RNW;;#640B8C
3741;100;11;141;RNW;;#640B8D
3742;100;11;142;RNW;;#640B8E
3743;100;11;143;RNW;;#640B8F
3744;100;11;144;RNW;;#640B90
3745;100;11;145;RNW;;#640B91
3746;100;11;146;RNW;;#640B92
3747;100;11;147;RNW;;#640B93
3748;100;11;148;RNW;;#640B94
3749;100;11;149;RNW;;#640B95
3750;100;11;150;RNW;;#640B96
3751;100;11;151;RNW;;#640B97
3752;100;11;152;RNW;;#640B98
3753;100;11;153;RNW;;#640B99
3754;100;11;154;RNW;;#640B9A
3755;100;11;155;RNW;;#640B9B
3756;100;11;156;RNW;;#640B9C
3757;100;11;157;RNW;;#640B9D
3758;100;11;158;RNW;;#640B9E
3759;100;11;159;RNW;;#640B9F
3760;100;11;160;RNW;;#640BA0
3761;100;11;161;RNW;;#640BA1
3762;100;11;162;RNW;;#640BA2
3763;100;11;163;RNW;;#640BA3
3764;100;11;164;RNW;;#640BA4
3765;100;11;165;RNW;;#640BA5
3766;100;11;166;RNW;;#640BA6
3767;100;11;167;RNW;;#640BA7
3768;100;11;168;RNW;;#640BA8
3769;100;11;169;RNW;;#640BA9
3770;100;11;170;RNW;;#640BAA
3771;100;11;171;RNW;;#640BAB
3772;100;11;172;RNW;;#640BAC
3773;100;11;173;RNW;;#640BAD
3774;100;11;174;RNW;;#640BAE
3775;100;11;175;RNW;;#640BAF
3776;100;11;176;RNW;;#640BB0
3777;100;11;177;RNW;;#640BB1
3778;100;11;178;RNW;;#640BB2
3779;100;11;179;RNW;;#640BB3
3780;100;11;180;RNW;;#640BB4
3781;100;11;181;RNW;;#640BB5
3782;100;11;182;RNW;;#640BB6
3783;100;11;183;RNW;;#640BB7
3784;100;11;184;RNW;;#640BB8
3785;100;11;185;RNW;;#640BB9
3786;100;11;186;RNW;;#640BBA
3787;100;11;187;RNW;;#640BBB
3788;100;11;188;RNW;;#640BBC
3789;100;11;189;RNW;;#640BBD
3790;100;11;190;RNW;;#640BBE
3791;100;11;191;RNW;;#640BBF
3792;100;11;192;RNW;;#640BC0
3793;100;11;193;RNW;;#640BC1
3794;100;11;194;RNW;;#640BC2
3795;100;11;195;RNW;;#640BC3
3796;100;11;196;RNW;;#640BC4
3797;100;11;197;RNW;;#640BC5
3798;100;11;198;RNW;;#640BC6
3799;100;11;199;RNW;;#640BC7
3800;100;12;100;RNW;;#640C64
3801;100;12;101;RNW;;#640C65
3802;100;12;102;RNW;;#640C66
3803;100;12;103;RNW;;#640C67
3804;100;12;104;RNW;;#640C68
3805;100;12;105;RNW;;#640C69
3806;100;12;106;RNW;;#640C6A
3807;100;12;107;RNW;;#640C6B
3808;100;12;108;RNW;;#640C6C
3809;100;12;109;RNW;;#640C6D
3810;100;12;110;RNW;;#640C6E
3811;100;12;111;RNW;;#640C6F
3812;100;12;112;RNW;;#640C70
3813;100;12;113;RNW;;#640C71
3814;100;12;114;RNW;;#640C72
3815;100;12;115;RNW;;#640C73
3816;100;12;116;RNW;;#640C74
3817;100;12;117;RNW;;#640C75
3818;100;12;118;RNW;;#640C76
3819;100;12;119;RNW;;#640C77
3820;100;12;120;RNW;;#640C78
3821;100;12;121;RNW;;#640C79
3822;100;12;122;RNW;;#640C7A
3823;100;12;123;RNW;;#640C7B
3824;100;12;124;RNW;;#640C7C
3825;100;12;125;RNW;;#640C7D
3826;100;12;126;RNW;;#640C7E
3827;100;12;127;RNW;;#640C7F
3828;100;12;128;RNW;;#640C80
3829;100;12;129;RNW;;#640C81
3830;100;12;130;RNW;;#640C82
3831;100;12;131;RNW;;#640C83
3832;100;12;132;RNW;;#640C84
3833;100;12;133;RNW;;#640C85
3834;100;12;134;RNW;;#640C86
3835;100;12;135;RNW;;#640C87
3836;100;12;136;RNW;;#640C88
3837;100;12;137;RNW;;#640C89
3838;100;12;138;RNW;;#640C8A
3839;100;12;139;RNW;;#640C8B
3840;100;12;140;RNW;;#640C8C
3841;100;12;141;RNW;;#640C8D
3842;100;12;142;RNW;;#640C8E
3843;100;12;143;RNW;;#640C8F
3844;100;12;144;RNW;;#640C90
3845;100;12;145;RNW;;#640C91
3846;100;12;146;RNW;;#640C92
3847;100;12;147;RNW;;#640C93
3848;100;12;148;RNW;;#640C94
3849;100;12;149;RNW;;#640C95
3850;100;12;150;RNW;;#640C96
3851;100;12;151;RNW;;#640C97
3852;100;12;152;RNW;;#640C98
3853;100;12;153;RNW;;#640C99
3854;100;12;154;RNW;;#640C9A
3855;100;12;155;RNW;;#640C9B
3856;100;12;156;RNW;;#640C9C
3857;100;12;157;RNW;;#640C9D
3858;100;12;158;RNW;;#640C9E
3859;100;12;159;RNW;;#640C9F
3860;100;12;160;RNW;;#640CA0
3861;100;12;161;RNW;;#640CA1
3862;100;12;162;RNW;;#640CA2
3863;100;12;163;RNW;;#640CA3
3864;100;12;164;RNW;;#640CA4
3865;100;12;165;RNW;;#640CA5
3866;100;12;166;RNW;;#640CA6
3867;100;12;167;RNW;;#640CA7
3868;100;12;168;RNW;;#640CA8
3869;100;12;169;RNW;;#640CA9
3870;100;12;170;RNW;;#640CAA
3871;100;12;171;RNW;;#640CAB
3872;100;12;172;RNW;;#640CAC
3873;100;12;173;RNW;;#640CAD
3874;100;12;174;RNW;;#640CAE
3875;100;12;175;RNW;;#640CAF
3876;100;12;176;RNW;;#640CB0
3877;100;12;177;RNW;;#640CB1
3878;100;12;178;RNW;;#640CB2
3879;100;12;179;RNW;;#640CB3
3880;100;12;180;RNW;;#640CB4
3881;100;12;181;RNW;;#640CB5
3882;100;12;182;RNW;;#640CB6
3883;100;12;183;RNW;;#640CB7
3884;100;12;184;RNW;;#640CB8
3885;100;12;185;RNW;;#640CB9
3886;100;12;186;RNW;;#640CBA
3887;100;12;187;RNW;;#640CBB
3888;100;12;188;RNW;;#640CBC
3889;100;12;189;RNW;;#640CBD
3890;100;12;190;RNW;;#640CBE
3891;100;12;191;RNW;;#640CBF
3892;100;12;192;RNW;;#640CC0
3893;100;12;193;RNW;;#640CC1
3894;100;12;194;RNW;;#640CC2
3895;100;12;195;RNW;;#640CC3
3896;100;12;196;RNW;;#640CC4
3897;100;12;197;RNW;;#640CC5
3898;100;12;198;RNW;;#640CC6
3899;100;12;199;RNW;;#640CC7
3900;100;13;100;RNW;;#640D64
3901;100;13;101;RNW;;#640D65
3902;100;13;102;RNW;;#640D66
3903;100;13;103;RNW;;#640D67
3904;100;13;104;RNW;;#640D68
3905;100;13;105;RNW;;#640D69
3906;100;13;106;RNW;;#640D6A
3907;100;13;107;RNW;;#640D6B
3908;100;13;108;RNW;;#640D6C
3909;100;13;109;RNW;;#640D6D
3910;100;13;110;RNW;;#640D6E
3911;100;13;111;RNW;;#640D6F
3912;100;13;112;RNW;;#640D70
3913;100;13;113;RNW;;#640D71
3914;100;13;114;RNW;;#640D72
3915;100;13;115;RNW;;#640D73
3916;100;13;116;RNW;;#640D74
3917;100;13;117;RNW;;#640D75
3918;100;13;118;RNW;;#640D76
3919;100;13;119;RNW;;#640D77
3920;100;13;120;RNW;;#640D78
3921;100;13;121;RNW;;#640D79
3922;100;13;122;RNW;;#640D7A
3923;100;13;123;RNW;;#640D7B
3924;100;13;124;RNW;;#640D7C
3925;100;13;125;RNW;;#640D7D
3926;100;13;126;RNW;;#640D7E
3927;100;13;127;RNW;;#640D7F
3928;100;13;128;RNW;;#640D80
3929;100;13;129;RNW;;#640D81
3930;100;13;130;RNW;;#640D82
3931;100;13;131;RNW;;#640D83
3932;100;13;132;RNW;;#640D84
3933;100;13;133;RNW;;#640D85
3934;100;13;134;RNW;;#640D86
3935;100;13;135;RNW;;#640D87
3936;100;13;136;RNW;;#640D88
3937;100;13;137;RNW;;#640D89
3938;100;13;138;RNW;;#640D8A
3939;100;13;139;RNW;;#640D8B
3940;100;13;140;RNW;;#640D8C
3941;100;13;141;RNW;;#640D8D
3942;100;13;142;RNW;;#640D8E
3943;100;13;143;RNW;;#640D8F
3944;100;13;144;RNW;;#640D90
3945;100;13;145;RNW;;#640D91
3946;100;13;146;RNW;;#640D92
3947;100;13;147;RNW;;#640D93
3948;100;13;148;RNW;;#640D94
3949;100;13;149;RNW;;#640D95
3950;100;13;150;RNW;;#640D96
3951;100;13;151;RNW;;#640D97
3952;100;13;152;RNW;;#640D98
3953;100;13;153;RNW;;#640D99
3954;100;13;154;RNW;;#640D9A
3955;100;13;155;RNW;;#640D9B
3956;100;13;156;RNW;;#640D9C
3957;100;13;157;RNW;;#640D9D
3958;100;13;158;RNW;;#640D9E
3959;100;13;159;RNW;;#640D9F
3960;100;13;160;RNW;;#640DA0
3961;100;13;161;RNW;;#640DA1
3962;100;13;162;RNW;;#640DA2
3963;100;13;163;RNW;;#640DA3
3964;100;13;164;RNW;;#640DA4
3965;100;13;165;RNW;;#640DA5
3966;100;13;166;RNW;;#640DA6
3967;100;13;167;RNW;;#640DA7
3968;100;13;168;RNW;;#640DA8
3969;100;13;169;RNW;;#640DA9
3970;100;13;170;RNW;;#640DAA
3971;100;13;171;RNW;;#640DAB
3972;100;13;172;RNW;;#640DAC
3973;100;13;173;RNW;;#640DAD
3974;100;13;174;RNW;;#640DAE
3975;100;13;175;RNW;;#640DAF
3976;100;13;176;RNW;;#640DB0
3977;100;13;177;RNW;;#640DB1
3978;100;13;178;RNW;;#640DB2
3979;100;13;179;RNW;;#640DB3
3980;100;13;180;RNW;;#640DB4
3981;100;13;181;RNW;;#640DB5
3982;100;13;182;RNW;;#640DB6
3983;100;13;183;RNW;;#640DB7
3984;100;13;184;RNW;;#640DB8
3985;100;13;185;RNW;;#640DB9
3986;100;13;186;RNW;;#640DBA
3987;100;13;187;RNW;;#640DBB
3988;100;13;188;RNW;;#640DBC
3989;100;13;189;RNW;;#640DBD
3990;100;13;190;RNW;;#640DBE
3991;100;13;191;RNW;;#640DBF
3992;100;13;192;RNW;;#640DC0
3993;100;13;193;RNW;;#640DC1
3994;100;13;194;RNW;;#640DC2
3995;100;13;195;RNW;;#640DC3
3996;100;13;196;RNW;;#640DC4
3997;100;13;197;RNW;;#640DC5
3998;100;13;198;RNW;;#640DC6
3999;100;13;199;RNW;;#640DC7
4000;100;14;100;RNW;;#640E64
4001;100;14;101;RNW;;#640E65
4002;100;14;102;RNW;;#640E66
4003;100;14;103;RNW;;#640E67
4004;100;14;104;RNW;;#640E68
4005;100;14;105;RNW;;#640E69
4006;100;14;106;RNW;;#640E6A
4007;100;14;107;RNW;;#640E6B
4008;100;14;108;RNW;;#640E6C
4009;100;14;109;RNW;;#640E6D
4010;100;14;110;RNW;;#640E6E
4011;100;14;111;RNW;;#640E6F
4012;100;14;112;RNW;;#640E70
4013;100;14;113;RNW;;#640E71
4014;100;14;114;RNW;;#640E72
4015;100;14;115;RNW;;#640E73
4016;100;14;116;RNW;;#640E74
4017;100;14;117;RNW;;#640E75
4018;100;14;118;RNW;;#640E76
4019;100;14;119;RNW;;#640E77
4020;239;204;149;Comoros;x;#EFCC95
4021;244;97;32;Antankara;x;#F46120
4022;217;166;43;Iboina;x;#D9A62B
4023;142;185;186;Tsimihety;x;#8EB9BA
4024;100;201;61;Maroantsetra;x;#64C93D
4025;38;83;21;Vatomandry;x;#265315
4026;169;74;32;Antemoro;x;#A94A20
4027;215;80;147;Betsileo;x;#D75093
4028;79;160;47;Mahafaly;x;#4FA02F
4029;139;53;205;Antanosy;x;#8B35CD
4030;185;135;224;Bara;x;#B987E0
4031;201;54;85;Antsalova;x;#C93655
4032;222;145;161;Fiherana;x;#DE91A1
4033;217;108;129;Al Qadirif;x;#D96C81
4034;155;61;79;Makua;x;#9B3D4F
4035;227;164;55;Ngindo;x;#E3A437
4036;234;204;150;Wayao;x;#EACC96
4037;200;19;117;Katsekera;x;#C81375
4038;49;155;99;Lolo;x;#319B63
4039;38;234;130;Lundu;x;#26EA82
4040;44;52;201;Kalonga;x;#2C34C9
4041;145;165;177;Kinga;x;#91A5B1
4042;220;30;106;Makonde;x;#DC1E6A
4043;171;67;109;Phangwa;x;#AB436D
4044;219;159;183;Ngonde;x;#DB9FB7
4045;44;123;42;Tumbuka;x;#2C7B2A
4046;106;189;104;Lala;x;#6ABD68
4047;33;220;28;Nsenga;x;#21DC1C
4048;225;80;159;Lomwe;x;#E1509F
4049;123;127;208;Ibo;x;#7B7FD0
4050;210;164;53;Luangwa;x;#D2A435
4051;46;174;176;Ewaso Ngiro;x;#2EAEB0
4052;28;134;135;Dawa;x;#1C8687
4053;208;113;137;Turkana;x;#D07189
4054;57;112;35;Kuria;x;#397023
4055;169;127;77;Shamba;x;#A97F4D
4056;234;32;70;Gogo;x;#EA2046
4057;78;126;60;Nyatura;x;#4E7E3C
4058;30;188;53;Zigua;x;#1EBC35
4059;215;196;132;Shaga;x;#D7C484
4060;215;17;73;Kikuyu;x;#D71149
4061;141;193;135;Buzinza;x;#8DC187
4062;57;208;42;Basoga;x;#39D02A
4063;203;160;93;Karagwe;x;#CBA05D
4064;172;118;32;Buganda;x;#AC7620
4065;220;52;0;Bunyoro;x;#DC3400
4066;187;203;173;Ndorwe;x;#BBCBAD
4067;133;213;62;Nduga;x;#85D53E
4068;97;177;26;Buzozo;x;#61B11A
4069;28;191;70;Bushubi;x;#1CBF46
4070;219;44;196;Nkoma;x;#DB2CC4
4071;207;205;37;Buyogoma;x;#CFCD25
4072;181;113;48;Ruguru;x;#B57130
4073;227;125;26;Hehe;x;#E37D1A
4074;239;192;146;Pubungo;x;#EFC092
4075;191;117;46;Lango;x;#BF752E
4076;53;152;36;Muhambwe;x;#359824
4077;145;76;136;Rukwa;x;#914C88
4078;219;94;40;Mayumba;x;#DB5E28
4079;220;158;209;Ngoyo;x;#DC9ED1
4080;120;115;207;Soyo;x;#7873CF
4081;82;225;176;Tyo;x;#52E1B0
4082;217;90;204;Kasanje;x;#D95ACC
4083;217;173;199;Shinje;x;#D9ADC7
4084;32;114;111;Malem;x;#20726F
4085;87;220;115;Yaka;x;#57DC73
4086;219;217;53;Nunu;x;#DBD935
4087;52;121;25;Kumbana;x;#347919
4088;213;60;93;Munene;x;#D53C5D
4089;96;201;25;Kuba;x;#60C919
4090;219;217;76;Songye;x;#DBD94C
4091;101;224;33;Mpasu;x;#65E021
4092;140;15;150;Rund;x;#8C0F96
4093;150;15;175;Lwena;x;#960FAF
4094;160;15;200;Chokwe;x;#A00FC8
4095;170;15;100;Ishindi;x;#AA0F64
4096;180;15;150;Kalundwe;x;#B40F96
4097;190;15;175;Luba;x;#BE0FAF
4098;200;15;200;Upemba;x;#C80FC8
4099;210;15;100;Hemba;x;#D20F64
4100;220;15;150;Luapala;x;#DC0F96
4101;230;15;175;Lualaba;x;#E60FAF
4102;240;15;200;Bemba;x;#F00FC8
4103;250;15;100;Tabwa;x;#FA0F64
4104;207;15;150;Lamba;x;#CF0F96
4105;207;15;175;Kusu;x;#CF0FAF
4106;207;15;200;Lenje;x;#CF0FC8
4107;197;15;100;Kanongesha;x;#C50F64
4108;207;15;100;Kaonde;x;#CF0F64
4109;197;15;150;Lega;x;#C50F96
4110;231;127;43;Sutherland;x;#E77F2B
4111;119;212;150;Saintonge;x;#77D496
4112;157;124;213;Aurilac;x;#9D7CD5
4113;103;160;108;Uleaborg;x;#67A06C
4114;145;85;134;Luleå;x;#915586
4115;156;39;189;Mazyr;x;#9C27BD
4116;119;162;166;Belyov;x;#77A2A6
4117;205;163;151;Bezhetsk;x;#CDA397
4118;180;212;180;Desmond;x;#B4D4B4
4119;177;112;53;Sligo;x;#B17035
4120;160;91;132;Kildare;x;#A05B84
4121;185;241;202;Ulster;x;#B9F1CA
4122;43;136;207;Shenkursk;x;#2B88CF
4123;43;106;43;Birkaland;x;#2B6A2B
4124;109;195;109;Kexholm;x;#6DC36D
4125;210;205;68;Szolnok;x;#D2CD44
4126;229;71;55;Bacs;x;#E54737
4127;146;198;217;Turda;x;#92C6D9
4128;142;201;142;Kiralyföld;x;#8EC98E
4129;53;164;53;Ust-Vym;x;#35A435
4130;222;47;96;Somerset;x;#DE2F60
4131;227;54;54;Nanbu;x;#E33636
4132;70;229;231;Mweru;x;#46E5E7
4133;88;239;241;Kivu;x;#58EFF1
4134;103;216;217;Rutanzige;x;#67D8D9
4135;139;230;231;Lake Albert;x;#8BE6E7
4136;45;225;227;Zaysan;x;#2DE1E3
4137;79;222;224;Alakol;x;#4FDEE0
4138;40;196;198;Issyk-Kul;x;#28C4C6
4139;54;54;236;Oulujärvi;x;#3636EC
4140;34;34;210;Saimaa;x;#2222D2
4141;207;42;19;Ditmarschen;x;#CF2A13
4142;198;219;57;Aarhus;x;#C6DB39
4143;127;186;98;Smålenene;x;#7FBA62
4144;222;69;44;Bratsberg;x;#DE452C
4145;201;191;169;Agdesiden;x;#C9BFA9
4146;225;223;19;Jotenheimen;x;#E1DF13
4147;74;217;74;Rostov;x;#4AD94A
4148;222;151;200;Luki;x;#DE97C8
4149;44;184;44;Kolding;x;#2CB82C
4150;145;151;212;Évora;x;#9197D4
4151;208;10;168;Kuusamo;x;#D00AA8
4152;113;153;0;Enare;x;#719900
4153;225;223;21;Scandes;x;#E1DF15
4154;225;223;23;Pyrenees;x;#E1DF17
4155;225;223;25;Carpathians;x;#E1DF19
4156;225;223;27;Caucasus;x;#E1DF1B
4157;225;223;29;The Alps;x;#E1DF1D
4158;117;150;26;Janjero;x;#75961A
4159;237;230;38;Alps2;x;#EDE626
4160;224;220;117;Alps3;x;#E0DC75
4161;208;202;39;Alps4;x;#D0CA27
4162;231;224;22;Alps5;x;#E7E016
4163;220;144;23;Elfsborg;x;#DC9017
4164;150;213;76;Dalsland;x;#96D54C
4165;220;78;202;Göinge;x;#DC4ECA
4166;54;157;76;Tiohärad/Värend;x;#369D4C
4167;195;207;97;High Atlas;x;#C3CF61
4168;135;142;79;High Atlas2;x;#878E4F
4169;222;203;239;Aures;x;#DECBEF
4170;111;33;184;Zagros;x;#6F21B8
4171;176;122;149;Abarquh;x;#B07A95
4172;22;236;239;Zagros2;x;#16ECEF
4173;106;34;172;Syrmia;x;#6A22AC
4174;200;147;147;Durres;x;#C89393
4175;15;161;198;Lezhe;x;#0FA1C6
4176;81;63;217;Branicevo;x;#513FD9
4177;222;79;239;Elburz;x;#DE4FEF
4178;16;119;24;Pontic Mountains;x;#107718
4179;24;212;37;Armenian Highlands;x;#18D425
4180;224;105;71;Hyuga;x;#E06947
4181;171;64;58;Higo;x;#AB403A
4182;222;162;158;Hizen;x;#DEA29E
4183;148;243;182;Iwami;x;#94F3B6
4184;29;167;101;Bizen;x;#1DA765
4185;136;40;113;Tango;x;#882871
4186;164;211;156;Iyo;x;#A4D39C
4187;137;170;36;Kii;x;#89AA24
4188;219;191;83;Shinano;x;#DBBF53
4189;183;128;213;Sagami;x;#B780D5
4190;74;53;198;Shimousa;x;#4A35C6
4191;150;104;225;Shimotsuke;x;#9668E1
4192;207;150;214;Ugo;x;#CF96D6
4193;102;179;145;Oshima;x;#66B391
4194;94;52;48;Yongping;x;#5E3430
4195;151;185;125;Zhending;x;#97B97D
4196;104;143;106;Haizhou;x;#688F6A
4197;148;197;227;Huangzhou;x;#94C5E3
4198;56;144;141;Fengxiang;x;#38908D
4199;45;117;59;Tongren;x;#2D753B
4200;29;161;216;Hulan;x;#1DA1D8
4201;44;97;35;Jianzhou;x;#2C6123
4202;186;143;58;Taining;x;#BA8F3A
4203;89;66;107;Ju Ud;x;#59426B
4204;44;45;128;Anding;x;#2C2D80
4205;35;68;112;Nagchu;x;#234470
4206;38;129;72;Balikul;x;#268148
4207;129;51;84;Turpan;x;#813354
4208;196;198;53;Qurqara-usu;x;#C4C635
4209;129;112;172;Maralbexi;x;#8170AC
4210;101;69;107;Yangi Hissar;x;#65456B
4211;72;32;16;Dazhou;x;#482010
4212;122;61;105;Jiazhou;x;#7A3D69
4213;40;46;10;Luzhou;x;#282E0A
4214;26;53;83;Kalar;x;#1A3553
4215;22;100;123;Fudali;x;#16647B
4216;74;143;77;Ulch;x;#4A8F4D
4217;52;80;119;Pijin;x;#345077
4218;69;105;171;Buteha;x;#4569AB
4219;117;42;41;Bayan Tumen;x;#752A29
4220;44;113;137;Khiagt;x;#2C7189
4221;148;144;46;Dundgovi;x;#94902E
4222;50;81;144;Ulaangom;x;#325190
4223;209;115;2;Hetao;x;#D17302
4224;36;150;179;Tokai Sea;x;#2496B3
4225;64;173;200;Coast of Hokkaido;x;#40ADC8
4226;29;124;148;North Japan Basin;x;#1D7C94
4227;105;96;64;Daegu;x;#696040
4228;195;44;140;Naju;x;#C32C8C
4229;188;200;56;Chungju;x;#BCC838
4230;158;186;44;Suwon;x;#9EBA2C
4231;231;184;20;Haeju;x;#E7B814
4232;145;81;35;Ganggye;x;#915123
4233;31;182;184;Bahai Sea;x;#1FB6B8
4234;45;117;167;Eastern Yellow Sea;x;#2D75A7
4235;144;225;232;Vistula Lagoon;x;#90E1E8
4236;255;0;0;Trencin;x;#FF0000
4237;48;237;244;Olomouc;x;#30EDF4
4238;37;208;93;Liegnitz;x;#25D05D
4239;239;10;10;Belgrade;x;#EF0A0A
4240;89;225;36;Fejer;x;#59E124
4241;203;127;53;Wenden;x;#CB7F35
4242;35;224;48;Ula;x;#23E030
4243;239;225;69;Toropets;x;#EFE145
4244;170;114;128;Starodub;x;#AA7280
4245;69;133;239;Vyazma;x;#4585EF
4246;152;182;201;Mstislav;x;#98B6C9
4247;34;217;219;Owrucz;x;#22D9DB
4248;215;30;112;Kashin;x;#D71E70
4249;141;220;172;Zubtsov;x;#8DDCAC
4250;153;30;210;Mologa;x;#991ED2
4251;46;39;195;Mozhaisk;x;#2E27C3
4252;83;167;188;Kolomna;x;#53A7BC
4253;15;241;244;Yuriev;x;#0FF1F4
4254;222;17;17;Starodub;x;#DE1111
4255;215;103;103;Pronsk;x;#D76767
4256;44;142;46;Solvychegodsk;x;#2C8E2E
4257;44;152;95;Mezen;x;#2C985F
4258;9;169;133;Onega;x;#09A985
4259;201;146;58;Velsk;x;#C9923A
4260;79;181;81;Vyshny Volochyok;x;#4FB551
4261;166;50;94;Ustyuzhna;x;#A6325E
4262;31;227;36;Totma;x;#1FE324
4263;171;13;54;Sol Galitskaya;x;#AB0D36
4264;159;200;147;Tetyushi;x;#9FC893
4265;39;208;178;Ar-Chally;x;#27D0B2
4266;191;107;198;Izhkar;x;#BF6BC6
4267;198;197;95;Bolgar;x;#C6C55F
4268;213;56;56;Aqabah;x;#D53838
4269;214;231;24;Al Wajh;x;#D6E718
4270;209;227;59;Azraq;x;#D1E33B
4271;91;196;33;Suwayda;x;#5BC421
4272;255;14;59;Al Jawf;x;#FF0E3B
4273;127;84;164;Al-Kariatan;x;#7F54A4
4274;31;210;90;Sudayr;x;#1FD25A
4275;53;200;195;Al-Yamamah;x;#35C8C3
4276;188;102;18;Jabal Tubaiq;x;#BC6612
4277;219;23;88;Taifa;x;#DB1758
4278;69;59;200;Qunfudhah;x;#453BC8
4279;67;107;179;Zabid;x;#436BB3
4280;215;128;24;Taiz;x;#D78018
4281;67;191;24;Dhamar;x;#43BF18
4282;210;179;54;Sahda;x;#D2B336
4283;224;24;38;Shihr;x;#E01826
4284;99;150;71;Al Ghayda;x;#639647
4285;181;124;124;Baraimi Oasis;x;#B57C7C
4286;187;208;10;Sur;x;#BBD00A
4287;200;92;20;Ibra;x;#C85C14
4288;83;203;86;Shatt;x;#53CB56
4289;17;195;138;Shushtar;x;#11C38A
4290;79;184;27;Hoveyzeh;x;#4FB81B
4291;168;219;32;Qazaniya;x;#A8DB20
4292;53;76;176;Mardin;x;#354CB0
4293;212;79;154;Arbil;x;#D44F9A
4294;150;146;41;Sulimaniyeh;x;#969229
4295;48;167;51;Hisn Kayfa;x;#30A733
4296;116;62;183;Bitlis;x;#743EB7
4297;99;32;200;Homs;x;#6320C8
4298;231;78;10;Ayntab;x;#E74E0A
4299;70;198;70;Shamakhi;x;#46C646
4300;225;205;36;Mianeh;x;#E1CD24
4301;232;184;55;Gori;x;#E8B837
4302;13;94;109;Bayazid;x;#0D5E6D
4303;213;197;16;Oltu;x;#D5C510
4304;184;111;111;Khoy;x;#B86F6F
4305;210;42;42;Shaki;x;#D22A2A
4306;117;109;201;Khumuk;x;#756DC9
4307;134;177;141;Aksaray;x;#86B18D
4308;69;25;75;Denizli;x;#45194B
4309;118;176;123;Aydin;x;#76B07B
4310;135;155;105;Divrigi;x;#879B69
4311;67;121;108;Karahisar;x;#43796C
4312;105;195;57;Sultanönü;x;#69C339
4313;94;189;108;Kangiri;x;#5EBD6C
4314;159;73;73;Kirshehir;x;#9F4949
4315;124;60;86;Tokat;x;#7C3C56
4316;51;172;108;Mansura;x;#33AC6C
4317;99;77;195;Buhaira;x;#634DC3
4318;63;128;27;Atfih;x;#3F801B
4319;163;183;82;Isna;x;#A3B752
4320;195;83;191;Girga;x;#C353BF
4321;121;21;154;Eastern Desert;x;#79159A
4322;184;65;29;Eastern Desert;x;#B8411D
4323;224;40;15;Farafreh;x;#E0280F
4324;149;186;149;Ghuriyan;x;#95BA95
4325;222;47;29;Sarakhs;x;#DE2F1D
4326;134;196;131;Nishapur;x;#86C483
4327;244;221;131;Jask;x;#F4DD83
4328;143;34;255;Chagai;x;#8F22FF
4329;96;128;136;Fasa;x;#608088
4330;54;193;106;Darab;x;#36C16A
4331;212;14;89;Kazarun;x;#D40E59
4332;112;120;148;Siraf;x;#707894
4333;104;180;181;Dahlak Archipelago;x;#68B4B5
4334;224;12;72;Tabas;x;#E00C48
4335;236;112;20;Kashan;x;#EC7014
4336;215;155;85;Tus;x;#D79B55
4337;73;158;166;Savah;x;#499EA6
4338;201;70;30;Soltanieh;x;#C9461E
4339;208;71;200;Rasht;x;#D047C8
4340;88;224;142;Astara;x;#58E08E
4341;191;220;33;Sari;x;#BFDC21
4342;208;198;117;Malamir;x;#D0C675
4343;208;26;73;Termez;x;#D01A49
4344;178;231;94;Kish;x;#B2E75E
4345;155;155;198;Saidabad;x;#9B9BC6
4346;149;226;227;Qamr Bay;x;#95E2E3
4347;144;206;207;Pirate Coast;x;#90CECF
4348;198;47;101;Ifuago;x;#C62F65
4349;105;219;142;Laguna;x;#69DB8E
4350;154;86;212;Mindoro;x;#9A56D4
4351;104;196;152;Buglas;x;#68C498
4352;219;168;88;Cebu;x;#DBA858
4353;89;35;145;Leyte;x;#592391
4354;135;77;125;Zamboanga;x;#874D7D
4355;248;245;172;Caraga;x;#F8F5AC
4356;201;167;29;Taytay;x;#C9A71D
4357;125;226;241;Visayan Sea;x;#7DE2F1
4358;112;219;220;Cuyo Archipelago;x;#70DBDC
4359;185;227;40;Ise;x;#B9E328
4360;235;159;33;Mikawa;x;#EB9F21
4361;203;124;124;East March;x;#CB7C7C
4362;220;22;22;West March;x;#DC1616
4363;212;118;56;Argyll;x;#D47638
4364;236;203;22;Inner Hebrides;x;#ECCB16
4365;177;171;135;Mann;x;#B1AB87
4366;196;128;0;Montgomery;x;#C48000
4367;219;150;147;Hull;x;#DB9693
4368;231;51;43;Scarborough;x;#E7332B
4369;221;244;212;Carmarthen;x;#DDF4D4
4370;115;143;176;Cambridgeshire;x;#738FB0
4371;146;207;152;Sussex;x;#92CF98
4372;207;182;116;Coventry;x;#CFB674
4373;161;114;192;Devon;x;#A172C0
4374;155;153;90;Dorset;x;#9B995A
4375;229;133;39;Chester;x;#E58527
4376;160;66;61;Leicester;x;#A0423D
4377;91;132;207;Ormond;x;#5B84CF
4378;207;145;145;Kinsale;x;#CF9191
4379;181;38;38;Middlands;x;#B52626
4380;186;74;52;Donegal;x;#BA4A34
4381;24;57;119;Oversticht;x;#183977
4382;213;194;38;Ommeland;x;#D5C226
4383;220;189;139;Haag;x;#DCBD8B
4384;234;156;30;Rennes;x;#EA9C1E
4385;206;210;106;Cotentin;x;#CED26A
4386;153;88;207;Vendee;x;#9958CF
4387;227;104;55;Angouleme;x;#E36837
4388;90;50;219;Chartres;x;#5A32DB
4389;212;131;52;Touraine;x;#D48334
4390;154;146;0;Troyes;x;#9A9200
4391;208;37;117;Vivarais;x;#D02575
4392;227;148;148;Auxerrois;x;#E39494
4393;181;227;89;Tabayin;x;#B5E359
4394;223;76;249;Salin;x;#DF4CF9
4395;7;183;221;Yamethin;x;#07B7DD
4396;38;227;36;Prome;x;#26E324
4397;87;141;35;Yawnghwe;x;#578D23
4398;145;54;67;Mawkmai;x;#913643
4399;209;206;232;Dagon;x;#D1CEE8
4400;4;138;139;Naga Hills;x;#048A8B
4401;99;2;220;Arakan Mountains;x;#6302DC
4402;8;19;70;Gaoligong Mountains;x;#081346
4403;174;133;74;Hengduan Mountains;x;#AE854A
4404;186;179;78;Minsin;x;#BAB34E
4405;135;83;198;Katha;x;#8753C6
4406;131;123;246;Mong Kung;x;#837BF6
4407;231;58;53;Ruhunu;x;#E73A35
4408;227;170;169;Salavata;x;#E3AAA9
4409;154;153;27;Trincomale;x;#9A991B
4410;166;186;106;Kumari;x;#A6BA6A
4411;212;178;42;Samana;x;#D4B22A
4412;133;65;23;Dindigul;x;#854117
4413;198;87;134;Cannanore;x;#C65786
4414;52;160;146;Salem;x;#34A092
4415;178;189;107;Negapatam;x;#B2BD6B
4416;157;72;136;Tranqebar;x;#9D4888
4417;141;167;109;Kanchipuram;x;#8DA76D
4418;117;239;166;Nelore;x;#75EFA6
4419;38;123;72;Adanki;x;#267B48
4420;186;136;135;Chandragiri;x;#BA8887
4421;139;213;167;Seringapatam;x;#8BD5A7
4422;164;123;44;Sira;x;#A47B2C
4423;160;139;213;Gutti;x;#A08BD5
4424;200;161;210;Adavani;x;#C8A1D2
4425;41;164;76;Kondavidu;x;#29A44C
4426;125;191;66;Chitradurg;x;#7DBF42
4427;203;173;64;Honnavara;x;#CBAD40
4428;169;212;66;Mudgal;x;#A9D442
4429;136;124;77;Rajapur;x;#887C4D
4430;152;147;85;Daman;x;#989355
4431;179;186;121;Kolhapur;x;#B3BA79
4432;98;169;103;Junir;x;#62A967
4433;163;195;165;Nasik;x;#A3C3A5
4434;186;154;125;Dharangaon;x;#BA9A7D
4435;88;201;147;Sholhapur;x;#58C993
4436;136;232;0;Rachakonda;x;#88E800
4437;54;129;205;Paithre;x;#3681CD
4438;205;54;168;Nander;x;#CD36A8
4439;145;107;154;Khamammet;x;#916B9A
4440;130;111;51;Narayanpur;x;#826F33
4441;194;210;199;Ganjam;x;#C2D2C7
4442;85;174;169;Washim;x;#55AEA9
4443;149;183;181;Karanja;x;#95B7B5
4444;34;42;215;Manidurg;x;#222AD7
4445;219;203;71;Kanker;x;#DBCB47
4446;169;171;101;Kalahandi;x;#A9AB65
4447;71;148;48;Patna-Garjat;x;#479430
4448;33;48;2;Parlakhimedi;x;#213002
4449;26;159;60;Jammu;x;#1A9F3C
4450;178;193;146;Mahurbanj;x;#B2C192
4451;177;236;52;Sonpur;x;#B1EC34
4452;201;133;87;Ratanpur;x;#C98557
4453;219;144;64;Thalner;x;#DB9040
4454;181;86;133;Porbandar;x;#B55685
4455;185;186;60;Diu;x;#B9BA3C
4456;159;60;34;Jhalavad;x;#9F3C22
4457;145;120;59;Cambay;x;#91783B
4458;83;131;220;Narbada;x;#5383DC
4459;175;215;67;Saugor;x;#AFD743
4460;184;119;42;Handia;x;#B8772A
4461;110;157;103;Ujjain;x;#6E9D67
4462;117;210;107;Vagad;x;#75D26B
4463;217;58;31;Bhatnair;x;#D93A1F
4464;75;196;192;Bundi;x;#4BC4C0
4465;27;212;53;Ranthambore;x;#1BD435
4466;169;43;205;Mahoba;x;#A92BCD
4467;123;99;213;Kalinjar;x;#7B63D5
4468;139;196;111;Bandogarh;x;#8BC46F
4469;160;208;76;Rohtasgarh;x;#A0D04C
4470;154;48;40;Soumelpur;x;#9A3028
4471;167;163;46;Bishnupur;x;#A7A32E
4472;179;62;43;Monghir;x;#B33E2B
4473;113;133;32;Chakla;x;#718520
4474;24;58;154;Sonargaon;x;#183A9A
4475;143;28;164;Fathabad;x;#8F1CA4
4476;203;30;140;Nadia;x;#CB1E8C
4477;128;58;103;Satgaon;x;#803A67
4478;61;102;20;Haibatnagar;x;#3D6614
4479;174;31;98;Goraghat;x;#AE1F62
4480;205;97;50;Mahikantha;x;#CD6132
4481;136;104;42;Punakah;x;#88682A
4482;140;34;49;Sikkim;x;#8C2231
4483;155;64;94;Morung;x;#9B405E
4484;118;110;21;Makwanpur;x;#766E15
4485;193;52;118;Palpa;x;#C13476
4486;171;177;19;Purnia;x;#ABB113
4487;148;81;21;Saran;x;#945115
4488;123;80;42;Champaran;x;#7B502A
4489;171;132;97;Hajipur;x;#AB8461
4490;174;36;95;Ghazipur;x;#AE245F
4491;156;116;221;Dang;x;#9C74DD
4492;13;33;111;Doti;x;#0D216F
4493;230;154;212;Sirmur;x;#E69AD4
4494;71;99;200;Khairabad;x;#4763C8
4495;33;52;116;Feyzabad;x;#213474
4496;30;17;88;Kora;x;#1E1158
4497;54;145;99;Qannauj;x;#369163
4498;255;102;0;Sambhal;x;#FF6600
4499;82;102;0;Bareily;x;#526600
4500;74;162;0;Bharatpur;x;#4AA200
4501;57;188;152;Bhilwara;x;#39BC98
4502;33;53;48;Merta;x;#213530
4503;26;88;92;Mansura;x;#1A585C
4504;177;200;201;Nasirpur;x;#B1C8C9
4505;36;125;131;Khairpur;x;#247D83
4506;184;27;108;Barmer;x;#B81B6C
4507;100;83;123;Churu;x;#64537B
4508;66;30;116;Bahawalpur;x;#421E74
4509;124;37;78;Karor;x;#7C254E
4510;193;162;69;Shorkot;x;#C1A245
4511;102;77;89;Bhera;x;#664D59
4512;49;208;224;Bharuch;x;#31D0E0
4513;50;71;157;Dipalpur;x;#32479D
4514;219;157;116;Sakya;x;#DB9D74
4515;86;55;145;Gyirong;x;#563791
4516;167;66;99;Purang;x;#A74263
4517;52;169;90;Nedong;x;#34A95A
4518;61;145;123;Tsurphu;x;#3D917B
4519;68;108;100;Damxung;x;#446C64
4520;118;126;72;Rutog;x;#767E48
4521;63;93;131;Skardu;x;#3F5D83
4522;108;61;52;Aqenganggyai;x;#6C3D34
4523;192;6;69;Inowroclaw;x;#C00645
4524;77;251;233;Dobrzyn;x;#4DFBE9
4525;152;90;7;Rawa;x;#985A07
4526;176;178;68;Gniezno;x;#B0B244
4527;84;110;247;Checiny;x;#546EF7
4528;113;193;204;Kuyavia;x;#71C1CC
4529;148;138;245;Iasi;x;#948AF5
4530;135;97;96;Birlad;x;#876160
4531;56;160;69;Giurgiu;x;#38A045
4532;200;147;231;Severin;x;#C893E7
4533;100;226;85;Wielun;x;#64E255
4534;171;8;15;Upita;x;#AB080F
4535;181;39;199;Wilkimierz;x;#B527C7
4536;125;175;248;Lida;x;#7DAFF8
4537;2;159;164;Nowogrodek;x;#029FA4
4538;70;186;107;Chelm;x;#46BA6B
4539;79;252;132;Kremenets;x;#4FFC84
4540;174;173;70;Winnica;x;#AEAD46
4541;166;72;55;Drohobycz;x;#A64837
4542;216;183;153;Lubnie;x;#D8B799
4543;3;190;120;Rylsk;x;#03BE78
4544;235;46;209;Bobrujsk;x;#EB2ED1
4545;145;7;164;Sluck;x;#9107A4
4546;121;225;48;Malaga;x;#79E130
4547;155;170;197;Albacete;x;#9BAAC5
4548;242;90;38;Huelva;x;#F25A26
4549;7;115;1;Xativa;x;#077301
4550;217;244;86;Castellon;x;#D9F456
4551;73;146;227;Avila;x;#4992E3
4552;130;85;172;Palencia;x;#8255AC
4553;43;46;167;Zamora;x;#2B2EA7
4554;146;111;28;Lugo;x;#926F1C
4555;183;26;10;Vigo;x;#B71A0A
4556;184;42;69;Aviero;x;#B82A45
4557;240;89;1;Lleida;x;#F05901
4558;155;55;22;Orense;x;#9B3716
4559;0;63;140;Minorca;x;#003F8C
4560;118;241;78;Ibiza;x;#76F14E
4561;1;230;30;Tetouan;x;#01E61E
4562;182;33;133;Mers el Kebir;x;#B62185
4563;7;121;35;Sale;x;#077923
4564;6;134;126;Anfa;x;#06867E
4565;227;16;124;Tenerife;x;#E3107C
4566;105;24;165;Kairwan;x;#6918A5
4567;81;109;203;Sabha;x;#516DCB
4568;173;82;127;Demnate;x;#AD527F
4569;198;135;133;High Atlas3;x;#C68785
4570;0;14;150;Texcoco;x;#000E96
4571;40;69;175;Tlacopan;x;#2845AF
4572;80;137;200;Malinalco;x;#5089C8
4573;120;176;225;Acambaro;x;#78B0E1
4574;160;14;250;Ihuatzio;x;#A00EFA
4575;200;69;150;Puruaran;x;#C84596
4576;240;137;175;Amaxocotlan;x;#F089AF
4577;202;14;175;Tohono;x;#CA0EAF
4578;1;176;200;Tzapotzingo;x;#01B0C8
4579;41;14;225;Sayula;x;#290EE1
4580;81;69;250;Tecoman;x;#5145FA
4581;121;137;150;Yohualtepec;x;#798996
4582;161;176;175;Teotitlan;x;#A1B0AF
4583;201;14;200;Xocotla;x;#C90EC8
4584;241;69;225;Mitla;x;#F145E1
4585;2;137;250;Tzotzil;x;#0289FA
4586;42;176;150;Jakaltek;x;#2AB096
4587;82;14;175;Qumarkaj;x;#520EAF
4588;122;69;200;Kobox;x;#7A45C8
4589;162;137;225;Moran;x;#A289E1
4590;202;176;250;Xiu;x;#CAB0FA
4591;242;14;150;Sotuta;x;#F20E96
4592;3;69;175;Ulva;x;#0345AF
4593;43;137;200;Xicaque;x;#2B89C8
4594;83;176;225;Tzul;x;#53B0E1
4595;123;14;250;Guaymi;x;#7B0EFA
4596;163;69;150;Kuna;x;#A34596
4597;203;137;175;Talamanca;x;#CB89AF
4598;243;176;200;Cuauhtochco;x;#F3B0C8
4599;4;14;225;Sinu;x;#040EE1
4600;44;69;250;Magangue;x;#2C45FA
4601;84;137;150;Chimila;x;#548996
4602;124;176;175;Motilones;x;#7CB0AF
4603;164;14;200;Moniquira;x;#A40EC8
4604;204;69;225;Pastos;x;#CC45E1
4605;244;137;250;Putumayos;x;#F489FA
4606;242;69;200;Chichitames;x;#F245C8
4607;5;176;150;Pijaos;x;#05B096
4608;55;14;175;Achaguas;x;#370EAF
4609;85;69;200;Variquicimeto;x;#5545C8
4610;125;137;225;Yukpa;x;#7D89E1
4611;165;176;250;Wayuu;x;#A5B0FA
4612;205;14;150;Tacarigua;x;#CD0E96
4613;245;69;175;Guanaguanare;x;#F545AF
4614;6;137;200;Tunebo;x;#0689C8
4615;66;176;225;Guanipa;x;#42B0E1
4616;86;14;250;Anzoategui;x;#560EFA
4617;126;69;150;Guaju;x;#7E4596
4618;166;137;175;Yaquimo;x;#A689AF
4619;206;176;200;Marien;x;#CEB0C8
4620;246;14;225;Ciguayo;x;#F60EE1
4621;7;69;250;Higuey;x;#0745FA
4622;67;137;150;Canimar;x;#438996
4623;87;176;175;Escambrey;x;#57B0AF
4624;127;14;200;Guane;x;#7F0EC8
4625;167;69;225;Mayaca;x;#A745E1
4626;247;176;150;Potano;x;#F7B096
4627;8;14;175;Tanu;x;#080EAF
4628;68;69;200;Nitahende;x;#4445C8
4629;88;137;225;Tel Kondaha;x;#5889E1
4630;128;176;250;Natahende;x;#80B0FA
4631;168;14;150;Towa;x;#A80E96
4632;208;69;175;Keres;x;#D045AF
4633;248;137;200;Sobaipuri;x;#F889C8
4634;9;176;225;Tsekaadn;x;#09B0E1
4635;69;14;250;Taaqtam;x;#450EFA
4636;89;69;150;Choinumni;x;#594596
4637;129;137;175;Ohlone;x;#8189AF
4638;169;176;200;Wintun;x;#A9B0C8
4639;209;14;225;Paipai;x;#D10EE1
4640;249;69;250;Tecpatitlan;x;#F945FA
4641;1;137;150;Xilotepec;x;#018996
4642;61;176;175;Pame;x;#3DB0AF
4643;81;14;200;Xiconaque;x;#510EC8
4644;121;69;225;Jocome;x;#7945E1
4645;161;137;250;Xochipillan;x;#A189FA
4646;201;176;150;Tarahumara;x;#C9B096
4647;241;14;175;Xecora;x;#F10EAF
4648;2;69;200;Acaxee;x;#0245C8
4649;62;137;250;Mayo;x;#3E89FA
4650;82;176;150;Opata;x;#52B096
4651;214;134;156;Tsushima;x;#D6869C
4652;140;69;200;Haicheng;;#8C45C8
4653;117;192;171;Maolian;x;#75C0AB
4654;60;240;76;Fuerhe;x;#3CF04C
4655;194;93;131;Shilimian;x;#C25D83
4656;95;228;201;Wolanhe;x;#5FE4C9
4657;220;32;204;Changbai Mountains;x;#DC20CC
4658;245;120;6;Nanghaer;x;#F57806
4659;237;134;253;Tulutingshan;x;#ED86FD
4660;130;176;43;Tunhe;x;#82B02B
4661;246;142;22;Edala;x;#F68E16
4662;213;239;212;Halacha;x;#D5EFD4
4663;163;187;193;Jixi;x;#A3BBC1
4664;79;144;220;North Buteha;x;#4F90DC
4665;18;225;17;South Buteha;x;#12E111
4666;147;155;192;South Hulunbur;x;#939BC0
4667;209;189;232;North Setsen;x;#D1BDE8
4668;206;72;139;West Ih Huree;x;#CE488B
4669;137;60;168;East Dornogovi;x;#893CA8
4670;1;153;63;West Khara Narin Ula;x;#01993F
4671;55;94;80;East Ereen;x;#375E50
4672;43;141;219;North Ju Ud;x;#2B8DDB
4673;221;36;225;East Xilin Gol;x;#DD24E1
4674;77;35;96;North Jirem;x;#4D2360
4675;122;140;89;Central Jirem;x;#7A8C59
4676;27;169;8;West Alxa;x;#1BA908
4677;248;107;18;East Govi;x;#F86B12
4678;147;150;150;East Qaraqorum;x;#939696
4679;236;42;149;North Tsetserleg;x;#EC2A95
4680;3;38;13;East Zagast;x;#03260D
4681;215;140;255;North Kobdo;x;#D78CFF
4682;106;90;108;South Kobdo;x;#6A5A6C
4683;186;144;83;East Hoboskar;x;#BA9053
4684;255;216;1;Dzhemenika;x;#FFD801
4685;196;69;0;Karagandy;x;#C44500
4686;255;90;0;Ekibastuz;x;#FF5A00
4687;255;186;0;Imakia;x;#FFBA00
4688;255;223;172;Baraba;x;#FFDFAC
4689;255;150;0;Om;x;#FF9600
4690;231;61;8;Ishim;x;#E73D08
4691;255;227;0;As;x;#FFE300
4692;255;213;0;Turgay;x;#FFD500
4693;254;103;217;Keriya;x;#FE67D9
4694;172;194;112;Foix;x;#ACC270
4695;195;118;123;Carcassonne;x;#C3767B
4696;243;42;7;Toulon;x;#F32A07
4697;22;120;77;La Marche;x;#16784D
4698;223;0;153;Cephalonia;x;#DF0099
4699;164;48;47;Arta;x;#A4302F
4700;137;22;12;Lesbos;x;#89160C
4701;135;128;17;Corinth;x;#878011
4702;68;83;143;Siroz;x;#44538F
4703;190;143;135;Kostendil;x;#BE8F87
4704;213;232;183;Tirnovo;x;#D5E8B7
4705;203;245;164;Gumulcine;x;#CBF5A4
4706;94;32;199;Tolcu;x;#5E20C7
4707;86;92;128;Rosenheim;x;#565C80
4708;136;148;128;Freising;x;#889480
4709;71;104;32;Passau;x;#476820
4710;48;231;108;Bregenz;x;#30E76C
4711;226;210;106;Donauwörth;x;#E2D26A
4712;27;146;0;Konstanz;x;#1B9200
4713;185;110;79;Urach;x;#B96E4F
4714;139;150;128;Durlach;x;#8B9680
4715;135;130;221;Rothenburg;x;#8782DD
4716;223;230;73;Coburg;x;#DFE649
4717;184;22;22;Bayreuth;x;#B81616
4718;8;175;128;Aschaffenburg;x;#08AF80
4719;161;116;28;Annecy;x;#A1741C
4720;29;123;204;Geneva;x;#1D7BCC
4721;192;98;255;Fribourg;x;#C062FF
4722;33;178;172;Illanz;x;#21B2AC
4723;63;106;212;Opole;x;#3F6AD4
4724;28;140;117;Pardubice;x;#1C8C75
4725;182;22;144;Jindrichuv Hradec;x;#B61690
4726;14;8;38;Ostrava;x;#0E0826
4727;11;159;77;Saluzzo;x;#0B9F4D
4728;23;128;70;Pavia;x;#178046
4729;111;248;124;Padova;x;#6FF87C
4730;24;248;124;Bologna;x;#18F87C
4731;50;217;66;Spoleto;x;#32D942
4732;216;236;203;Terracina;x;#D8ECCB
4733;144;222;92;Molise;x;#90DE5C
4734;239;33;241;Avellino;x;#EF21F1
4735;77;22;255;Arborea;x;#4D16FF
4736;255;193;247;Trapani;x;#FFC1F7
4737;172;68;159;Girgenti;x;#AC449F
4738;110;243;21;Trieste;x;#6EF315
4739;255;193;31;Bergamo;x;#FFC11F
4740;123;111;79;Como;x;#7B6F4F
4741;206;82;89;Halle;x;#CE5259
4742;24;36;126;Nordhausen;x;#18247E
4743;70;32;26;Weimar;x;#46201A
4744;35;63;199;Zwickau;x;#233FC7
4745;86;194;97;Rügen;x;#56C261
4746;213;132;0;Wolgast;x;#D58400
4747;111;118;8;Dramburg;x;#6F7608
4748;170;79;248;Brandenburg;x;#AA4FF8
4749;39;120;238;Stargardland;x;#2778EE
4750;167;101;106;Kruje;x;#A7656A
4751;162;186;147;Cilli;x;#A2BA93
4752;232;189;231;Rijeka;x;#E8BDE7
4753;144;219;143;Zadar;x;#90DB8F
4754;177;229;130;Kotor;x;#B1E582
4755;224;202;77;Podrinje;x;#E0CA4D
4756;163;165;183;Bjelovar;x;#A3A5B7
4757;133;229;130;Kolubara;x;#85E582
4758;186;81;38;Etsch;x;#BA5126
4759;220;54;163;Upper Carinthia;x;#DC36A3
4760;194;192;231;Innviertel;x;#C2C0E7
4761;154;237;147;Traungau;x;#9AED93
4762;243;138;80;Wienerwald;x;#F38A50
4763;238;230;38;Alps6;x;#EEE626
4764;179;106;111;Salins;x;#B36A6F
4765;255;253;196;Mulhouse;x;#FFFDC4
4766;138;136;91;Verdun;x;#8A885B
4767;253;135;143;Zweibrucken;x;#FD878F
4768;253;215;143;Julich;x;#FDD78F
4769;125;215;143;Lille;x;#7DD78F
4770;181;160;75;s-Hertogenbosch;x;#B5A04B
4771;52;36;48;Verden;x;#342430
4772;228;189;115;Celle;x;#E4BD73
4773;70;135;54;Göttingen;x;#468736
4774;175;138;37;Fulda;x;#AF8A25
4775;199;14;89;Bielefeld;x;#C70E59
4776;177;186;20;Blois;x;#B1BA14
4777;202;126;16;Forez;x;#CA7E10
4778;32;31;94;Görlitz;x;#201F5E
4779;124;10;162;Gallipoli;x;#7C0AA2
4780;25;224;138;Ohrid;x;#19E08A
4781;197;9;45;Transvaal;x;#C5092D
4782;45;197;9;Tswana;x;#2DC509
4783;9;45;197;Swazi;x;#092DC5
4784;135;45;9;Upper Limpopo;x;#872D09
4785;98;179;208;Sheffield;x;#62B3D0
4786;45;27;97;Priegnitz;x;#2D1B61
4787;91;178;26;Ribatejo;x;#5BB21A
4788;168;196;4;Plasencia;x;#A8C404
4789;254;145;124;Segovia;x;#FE917C
4790;170;98;56;West Java;x;#AA6238
4791;50;43;20;East Cirebon;x;#322B14
4792;153;169;173;East Kendal;x;#99A9AD
4793;237;108;140;South Demak;x;#ED6C8C
4794;148;48;116;East Kediri;x;#943074
4795;221;84;31;Bone;x;#DD541F
4796;237;99;81;Kendari;x;#ED6351
4797;228;249;251;Soppeng;x;#E4F9FB
4798;4;235;103;Wajo;x;#04EB67
4799;15;154;146;Sambaliung;x;#0F9A92
4800;132;11;182;Paser;x;#840BB6
4801;183;228;84;Batulican;x;#B7E454
4802;79;254;101;South Pontiniak;x;#4FFE65
4803;248;45;0;North Katapang;x;#F82D00
4804;148;41;14;West Kuching;x;#94290E
4805;238;141;151;East Sibu;x;#EE8D97
4806;228;15;86;Inland Sarawak;x;#E40F56
4807;185;69;211;North Borneo;x;#B945D3
4808;230;213;205;Sumatra;x;#E6D5CD
4809;58;125;63;South Peureulak;x;#3A7D3F
4810;251;189;80;South Deli;x;#FBBD50
4811;78;19;109;Barus;x;#4E136D
4812;115;67;188;Gerik;x;#7343BC
4813;193;124;50;Penang;x;#C17C32
4814;204;29;35;Semantan;x;#CC1D23
4815;150;40;142;Singapura;x;#96288E
4816;81;176;19;Rengat;x;#51B013
4817;136;32;11;Padang;x;#88200B
4818;158;68;193;Indrapura;x;#9E44C1
4819;238;111;151;Son Nam;x;#EE6F97
4820;179;39;82;Minh Quang;x;#B32752
4821;118;178;134;Nghe An;x;#76B286
4822;240;117;163;Amaravati;x;#F075A3
4823;74;237;125;Jarai;x;#4AED7D
4824;182;255;0;Tay Nguyen;x;#B6FF00
4825;139;124;98;Pursat;x;#8B7C62
4826;134;235;115;Kampot;x;#86EB73
4827;63;194;255;Kampom Pous Thom;x;#3FC2FF
4828;182;1;4;Preah Vihear;x;#B60104
4829;235;170;132;Raung Dapey;x;#EBAA84
4830;72;209;160;Rayong;x;#48D1A0
4831;207;79;128;Bangkok;x;#CF4F80
4832;245;59;108;Lopburi;x;#F53B6C
4833;182;244;187;Phetchabun;x;#B6F4BB
4834;52;21;131;Suphanburi;x;#341583
4835;73;71;64;Kanchanaburi;x;#494740
4836;118;104;40;Si Thep;x;#766828
4837;61;16;160;Muang Ngoi;x;#3D10A0
4838;239;13;190;Sip Et;x;#EF0DBE
4839;128;190;153;Ubon;x;#80BE99
4840;174;140;171;Salavan;x;#AE8CAB
4841;186;15;122;Lamphun;x;#BA0F7A
4842;100;174;128;Lakhon;x;#64AE80
4843;130;228;241;Annamite Mountains;x;#82E4F1
4844;37;164;140;Dawna Hills;x;#25A48C
4845;90;235;85;Mamuju;x;#5AEB55
4846;229;139;97;Woolna;x;#E58B61
4847;162;71;29;Yunawa;x;#A2471D
4848;29;162;89;Mingin;x;#1DA259
4849;64;217;133;Kurtjar;x;#40D985
4850;174;141;221;Biri;x;#AE8DDD
4851;97;115;229;Gureng;x;#6173E5
4852;55;67;139;WuliWuli;x;#37438B
4853;88;95;140;Bidjara;x;#585F8C
4854;73;93;221;Badtjala;x;#495DDD
4855;62;74;151;Yiman;x;#3E4A97
4856;74;74;198;Barunggam;x;#4A4AC6
4857;88;140;91;Bundjalung;x;#588C5B
4858;137;231;142;Tharawal;x;#89E78E
4859;44;179;51;Gundungurra;x;#2CB333
4860;24;116;29;Dharug;x;#18741D
4861;117;158;119;Waveroo;x;#759E77
4862;9;63;12;Ngadjuri;x;#093F0C
4863;179;87;31;Nyaki;x;#B3571F
4864;218;177;152;Yuat;x;#DAB198
4865;218;196;123;Kurrama;x;#DAC47B
4866;156;144;105;Mangala;x;#9C9069
4867;227;196;94;Wunambul;x;#E3C45E
4868;136;85;174;Pyemmairrener;x;#8855AE
4869;56;20;83;Peerapper;x;#381453
4870;40;100;119;Austalian Lakes;x;#286477
4871;1;70;150;Cowasuk;x;#014696
4872;11;80;175;Wenrohronon;x;#0B50AF
4873;21;90;200;Pegwaki;x;#155AC8
4874;31;100;225;Westenhuck;x;#1F64E1
4875;41;110;150;Minqua;x;#296E96
4876;51;70;175;Scahentowanen;x;#3346AF
4877;61;80;200;Nottoway;x;#3D50C8
4878;71;90;225;Eno;x;#475AE1
4879;81;100;150;Kituwah;x;#516496
4880;91;110;175;Combahee;x;#5B6EAF
4881;101;70;200;Sawokli;x;#6546C8
4882;111;80;225;Etali;x;#6F50E1
4883;121;90;150;Napochi;x;#795A96
4884;141;110;200;Houma;x;#8D6EC8
4885;151;70;225;Avoyel;x;#9746E1
4886;161;80;150;Nasoni;x;#A15096
4887;241;100;225;Cochati;x;#F164E1
4888;2;110;150;Tatteroa;x;#026E96
4889;12;70;175;Mohetan;x;#0C46AF
4890;22;80;200;Kichesipirini;x;#1650C8
4891;32;90;225;Piktuk;x;#205AE1
4892;42;100;150;Iroquet;x;#2A6496
4893;52;110;175;Nebesek;x;#346EAF
4894;62;70;200;Ottagotouemin;x;#3E46C8
4895;72;80;225;Batiscan;x;#4850E1
4896;82;90;150;Meductic;x;#525A96
4897;92;100;175;Keinouche;x;#5C64AF
4898;102;110;200;Gichigamininiwag;x;#666EC8
4899;112;70;225;Mamaceqtaw;x;#7046E1
4900;122;80;150;Otoe;x;#7A5096
4901;132;90;175;Saone;x;#845AAF
4902;142;100;200;Makandwewin;x;#8E64C8
4903;152;110;225;Chinko;x;#986EE1
4904;171;90;175;Espeminkia;x;#AB5AAF
4905;181;100;200;Tapouaro;x;#B564C8
4906;191;110;225;Coiracoentanon;x;#BF6EE1
4907;201;70;150;Mosopelea;x;#C94696
4908;221;80;175;Tawehash;x;#DD50AF
4909;231;90;200;Kitsash;x;#E75AC8
4910;162;70;150;Tawakoni;x;#A24696
4911;172;80;175;Nabaydacu;x;#AC50AF
4912;182;70;150;Ahkwesahsne;x;#B64696
4913;192;80;175;Aniyutsi;x;#C050AF
4914;202;90;200;Neosho;x;#CA5AC8
4915;212;100;225;Pitahawirata;x;#D464E1
4916;222;110;150;Ponca;x;#DE6E96
4917;232;70;175;Selis;x;#E846AF
4918;242;80;200;Huhkpapha;x;#F250C8
4919;3;90;225;Sihabi;x;#035AE1
4920;13;100;150;Wadopabina;x;#0D6496
4921;131;100;175;Kuttawa;x;#8364AF
4922;23;110;175;Pepikokia;x;#176EAF
4923;45;70;200;Pacaha;x;#2D46C8
4924;200;10;1;Laurentian Massif;x;#C80A01
4925;200;40;41;White Mountains;x;#C82829
4926;200;70;81;Adirondacks;x;#C84651
4927;200;100;121;Blue Mountains;x;#C86479
4928;200;20;161;Allegheny Front;x;#C814A1
4929;200;50;11;Appalachian Ridges;x;#C8320B
4930;200;80;51;Alleghenies;x;#C85033
4931;200;30;91;Cumberland Mountains;x;#C81E5B
4932;200;60;131;Smoky Mountains;x;#C83C83
4933;200;90;171;Blue Ridge;x;#C85AAB
4934;210;10;1;Maui;x;#D20A01
4935;210;40;41;Oahu;x;#D22829
4936;210;70;81;Kauai;x;#D24651
4937;210;20;121;Lau;x;#D21479
4938;210;50;161;Vanua Levu;x;#D232A1
4939;210;80;11;Te Moana-a-Toi;x;#D2500B
4940;29;216;197;Lake Tulare;x;#1DD8C5
4941;30;216;201;Lake Cahuilla;x;#1ED8C9
